MARKET_CD,HSN_CD,HSN_NM,TOWN_CD,TOWN_NM,ZIP,STORE_CD,STORE_NM,ADDR,ISOPEN
HL,01,台北市,106,大安區,106,2001,北市杭州店,台北市大安區杭州南路二段５號,Y
HL,07,苗栗縣,351,頭份市,351,2002,苗縣頭份二店,苗栗縣頭份市日新街４２號,Y
HL,01,台北市,114,內湖區,114,2003,北市康寧店,台北市內湖區康寧路３段１５５號,Y
HL,01,台北市,114,內湖區,114,2006,北市金湖店,台北市內湖區金湖路４０３號,Y
HL,13,雲林縣,640,斗六市,640,2012,斗六民生店,雲林縣斗六市民生路１６０號一樓,Y
HL,03,新北市,241,三重區,241,2014,北縣中陽二店,新北市三重區中正北路６６號,Y
HL,06,桃園市,334,八德區,334,2017,八德桃鶯三店,桃園市八德區桃鶯路７４號,Y
HL,01,台北市,114,內湖區,114,2020,北市國醫店,台北市內湖區民權東路六段１２３巷３０、３２號,Y
HL,26,新竹市,382,北區,300,2025,新竹林森店,新竹市北區四維路１７號,Y
HL,10,彰化縣,510,員林市,510,2029,彰縣員林店,彰化縣員林市中山路２段２號,Y
HL,06,桃園市,327,新屋區,327,2034,桃縣西濱店,桃園市新屋區中山西路３段６１８號,Y
HL,10,彰化縣,500,彰化市,500,2036,彰市三民店,彰化縣彰化市三民路３８６號,Y
HL,03,新北市,241,三重區,241,2042,北縣中央北店,新北市三重區中央北路６８號,Y
HL,16,高雄市,830,鳳山區,830,2047,鳳山博愛店,高雄市鳳山區博愛路３５１號,Y
HL,01,台北市,104,中山區,104,2051,北市新喜店,台北市中山區德惠街１６７巷２號,Y
HL,27,嘉義市,671,東區,600,2053,嘉市吳鳳店,嘉義市東區吳鳳南路６４７號,Y
HL,16,高雄市,806,前鎮區,806,2054,高市復興店,高雄市前鎮區中山二路１號,Y
HL,26,新竹市,383,香山區,300,2055,新竹埔東店,新竹市香山區牛埔東路６號,Y
HL,05,新竹縣,302,竹北市,302,2057,竹北東興店,新竹縣竹北市東興路二段６、８號,Y
HL,03,新北市,235,中和區,235,2062,北縣員山店,新北市中和區員山路５０２-７號,Y
HL,14,台南市,710,永康區,710,2063,永康洲尾店,台南市永康區中正南路６４９號,Y
HL,08,台中市,407,西屯區,407,2064,台中逢甲店,台中市西屯區逢甲路２號,Y
HL,12,嘉義縣,622,大林鎮,622,2067,嘉縣大林店,嘉義縣大林鎮平林里６鄰下潭底２３-５號,Y
HL,08,台中市,408,南屯區,408,2068,台中黎明店,台中市南屯區黎明路一段１２９號,Y
HL,03,新北市,220,板橋區,220,2069,北縣江翠店,新北市板橋區文化路二段４０８號,Y
HL,14,台南市,704,北區,704,2074,南市海安店,台南市北區臨安路２段２１５號,Y
HL,07,苗栗縣,356,後龍鎮,356,2075,苗縣後龍店,苗栗縣後龍鎮中山路３５０號,Y
HL,19,屏東縣,900,屏東市,900,2076,屏市迪化店,屏東縣屏東市中山路１２８號,Y
HL,11,南投縣,551,名間鄉,551,2079,南投員集店,南投縣名間鄉濁水村員集路３３-１７號,Y
HL,13,雲林縣,640,斗六市,640,2083,斗六西平店,雲林縣斗六市北平路１號,Y
HL,03,新北市,234,永和區,234,2087,北縣永利店,新北市永和區中正路５６０號,Y
HL,06,桃園市,324,平鎮區,324,2096,平鎮大仁店,桃園市平鎮區大勇街６４號,Y
HL,03,新北市,239,鶯歌區,239,2097,北縣大湖店,新北市鶯歌區大湖路３６６號及中湖街２號,Y
HL,03,新北市,242,新莊區,242,2109,北縣瓊林南店,新北市新莊區瓊林南路１３３號,Y
HL,03,新北市,231,新店區,231,2110,北縣莊敬店,新北市新店區中正路５２５號,Y
HL,26,新竹市,381,東區,300,2113,新竹竹中店,新竹市東區光復路一段３２、３４號,Y
HL,01,台北市,104,中山區,104,2115,北市雙連店,台北市中山區民生西路６２號,Y
HL,26,新竹市,381,東區,300,2126,新竹建中店,新竹市東區建中一路２號,Y
HL,08,台中市,429,神岡區,429,2127,中縣豐洲店,台中市神岡區大洲路２-３號,Y
HL,03,新北市,238,樹林區,238,2128,北縣樹俊店,新北市樹林區三俊街２５４號,Y
HL,01,台北市,114,內湖區,114,2132,北市明湖店,台北市內湖區民權東路６段２９６巷６８號,Y
HL,01,台北市,116,文山區,116,2133,北市試院店,台北市文山區試院路１０４號,Y
HL,16,高雄市,801,前金區,801,2138,高市漢神店,高雄市前金區成功一路２７０號,Y
HL,06,桃園市,320,中壢區,320,2139,中壢龍德店,桃園市中壢區龍東路２號,Y
HL,05,新竹縣,308,寶山鄉,308,2141,竹縣寶山店,新竹縣寶山鄉雙園路二段３２７號,Y
HL,06,桃園市,334,八德區,334,2144,八德廣興店,桃園市八德區廣興路７９８-１號、新興路２８０-１號,Y
HL,06,桃園市,334,八德區,334,2145,八德松柏林店,桃園市八德區大興路６７０號,Y
HL,06,桃園市,337,大園區,337,2147,桃縣海口店,桃園市大園區國際路三段５８１號,Y
HL,06,桃園市,334,八德區,334,2153,八德麻園店,桃園市八德區介壽路二段４９２號,Y
HL,03,新北市,220,板橋區,220,2154,北縣板莊店,新北市板橋區莊敬路２４８號,Y
HL,16,高雄市,831,大寮區,831,2166,高縣光明店,高雄市大寮區大寮路８３０號                           ,Y
HL,01,台北市,105,松山區,105,2169,北市饒河店,台北市松山區饒河街３５號,Y
HL,06,桃園市,320,中壢區,320,2170,中壢龍和店,桃園市中壢區龍和一街２４０號,Y
HL,03,新北市,235,中和區,235,2171,北縣興南店,新北市中和區信義街５０號,Y
HL,01,台北市,103,大同區,103,2174,北市衣蝶店,台北市大同區南京西路６３號,Y
HL,01,台北市,116,文山區,116,2175,北市指南店,台北市文山區指南路二段３２號,Y
HL,03,新北市,235,中和區,235,2180,北縣員山二店,新北市中和區員山路５８１巷２號,Y
HL,01,台北市,106,大安區,106,2182,北市羅斯福店,台北市大安區羅斯福路二段７５之１號,Y
HL,06,桃園市,326,楊梅區,326,2187,桃縣幼獅店,桃園市楊梅區幼獅路二段３８８號,Y
HL,03,新北市,221,汐止區,221,2189,北縣北山店,新北市汐止區南陽街２６１號,Y
HL,01,台北市,114,內湖區,114,2190,北市陽光店,台北市內湖區陽光街３４７號,Y
HL,03,新北市,241,三重區,241,2191,北縣三重店,新北市三重區重新路２段２９號,Y
HL,03,新北市,241,三重區,241,2195,北縣重正店,新北市三重區重新路三段９８及１００號,Y
HL,19,屏東縣,946,恆春鎮,946,2196,屏縣墾丁店,屏東縣恆春鎮墾丁路１９８號,Y
HL,06,桃園市,338,蘆竹區,338,2201,桃縣內溪店,桃園市蘆竹區南山路二段４２９號,Y
HL,14,台南市,704,北區,704,2205,台南南園店,台南市北區南園街１０３號,Y
HL,26,新竹市,381,東區,300,2208,新竹竹站店,新竹市東區中正路１號,Y
HL,03,新北市,241,三重區,241,2209,北縣重強店,新北市三重區自強路一段１６４、１６６號,Y
HL,27,嘉義市,672,西區,600,2210,嘉義嘉文店,嘉義市西區文化路８７號,Y
HL,03,新北市,220,板橋區,220,2221,北縣板雙店,新北市板橋區雙十路三段１２、１４、１６號,Y
HL,03,新北市,241,三重區,241,2222,北縣重福店,新北市三重區永福街２５６及２５８號,Y
HL,03,新北市,220,板橋區,220,2224,北縣板莒店,新北市板橋區文化路二段７８號,Y
HL,01,台北市,114,內湖區,114,2228,北市湖光店,台北市內湖區瑞光路１８８巷６０號,Y
HL,01,台北市,114,內湖區,114,2233,北市湖森店,台北市內湖區瑞光路６６巷３３號,Y
HL,03,新北市,252,三芝區,252,2237,北縣芝蘭店,新北市三芝區中正路一段６８號,Y
HL,26,新竹市,382,北區,300,2242,新竹境福店,新竹市北區境福街１２８號,Y
HL,06,桃園市,338,蘆竹區,338,2255,桃縣桃福店,桃園市蘆竹區南山路一段３７８號,Y
HL,19,屏東縣,946,恆春鎮,946,2257,屏縣屏海店,屏東縣恆春鎮墾丁路２７號,Y
HL,03,新北市,241,三重區,241,2259,北縣重鈴店,新北市三重區中華路１８號,Y
HL,06,桃園市,336,復興區,336,2260,復興旺詮店,桃園市復興區中正路２７５-９號,Y
HL,26,新竹市,382,北區,300,2261,新竹竹塹店,新竹市北區中山路４１４號,Y
HL,03,新北市,208,金山區,208,2267,北縣金陽店,新北市金山區中正路２６號,Y
HL,07,苗栗縣,360,苗栗市,360,2269,苗栗苗鑫店,苗栗縣苗栗市光復路１６１號,Y
HL,03,新北市,238,樹林區,238,2273,北縣樹太店,新北市樹林區太平路１５０巷３８號,Y
HL,06,桃園市,335,大溪區,335,2274,桃縣桃石店,桃園市大溪區石園路６、８、１０號,Y
HL,27,嘉義市,672,西區,600,2276,嘉義嘉業店,嘉義市西區興業西路１３９號,Y
HL,10,彰化縣,510,員林市,510,2277,彰縣彰誠店,彰化縣員林市中山南路３８、４０號,Y
HL,06,桃園市,334,八德區,334,2279,桃縣桃勇店,桃園市八德區東勇街４０２號,Y
HL,16,高雄市,807,三民區,807,2282,高市高順店,高雄市三民區建工路５８２號,Y
HL,06,桃園市,337,大園區,337,2283,桃縣桃心店,桃園市大園區埔心街１８-１、２０號,Y
HL,01,台北市,100,中正區,100,2284,北市正台店,台北市中正區常德街１號,Y
HL,14,台南市,700,中西區,700,2290,台南南新店,台南市中西區西門路一段５８０號,Y
HL,03,新北市,238,樹林區,238,2291,北縣樹興店,新北市樹林區千歲街９０號,Y
HL,03,新北市,223,石碇區,223,2292,北縣碇晨店,新北市石碇區碇坪路一段１３０號１樓,Y
HL,06,桃園市,330,桃園區,330,2295,桃市桃亨店,桃園市桃園區大興西路二段８號,Y
HL,03,新北市,238,樹林區,238,2298,北縣樹愛店,新北市樹林區保安街一段１８-３號,Y
HL,03,新北市,247,蘆洲區,247,2301,北縣蘆平店,新北市蘆洲區永平街３０號,Y
HL,03,新北市,241,三重區,241,2303,北縣重玉店,新北市三重區中央北路１３２號,Y
HL,03,新北市,249,八里區,249,2306,北縣八里店,新北市八里區中山路一段１７７號,Y
HL,06,桃園市,335,大溪區,335,2311,桃縣桃東店,桃園市大溪區復興路二段７６３號,Y
HL,03,新北市,221,汐止區,221,2312,北縣五堵店,新北市汐止區保一街４１號,Y
HL,03,新北市,251,淡水區,251,2314,北縣淡金店,新北市淡水區淡金路１８號,Y
HL,06,桃園市,338,蘆竹區,338,2315,桃縣桃山店,桃園市蘆竹區海山路一段１３號,Y
HL,01,台北市,106,大安區,106,2316,北市安國店,台北市大安區光復南路２９０巷２５號、２５-１號,Y
HL,03,新北市,251,淡水區,251,2318,北縣淡俊店,新北市淡水區北新路１３７、１３９號１F,Y
HL,03,新北市,241,三重區,241,2321,北縣重鑫店,新北市三重區大同南路１５３、１５３-１號,Y
HL,06,桃園市,338,蘆竹區,338,2322,桃縣桃竹店,桃園市蘆竹區大華街６９-１、６９-２號,Y
HL,03,新北市,248,五股區,248,2325,北縣五泰店,新北市五股區西雲路１號,Y
HL,08,台中市,406,北屯區,406,2329,台中中清店,台中市北屯區中清路二段９５０號,Y
HL,03,新北市,220,板橋區,220,2333,北縣板寧店,新北市板橋區江寧路３段５３號,Y
HL,06,桃園市,334,八德區,334,2336,八德桃德店,桃園市八德區中山路４２號,Y
HL,06,桃園市,326,楊梅區,326,2337,桃縣桃富店,桃園市楊梅區民富路一段３６８、３７０號,Y
HL,03,新北市,220,板橋區,220,2342,北縣板震店,新北市板橋區中山路１段５０巷５號,Y
HL,13,雲林縣,637,崙背鄉,637,2346,雲縣雲鑽店,雲林縣崙背鄉南光路４號、中山路２６５、２６７號,Y
HL,06,桃園市,320,中壢區,320,2348,中壢桃威店,桃園市中壢區延平路２６８、２７０號,Y
HL,03,新北市,241,三重區,241,2349,北縣重永店,新北市三重區永福街１１號,Y
HL,03,新北市,231,新店區,231,2353,北縣新元店,新北市新店區中興路３段３０４號,Y
HL,06,桃園市,320,中壢區,320,2355,中壢桃江店,桃園市中壢區中園路二段５４４號,Y
HL,03,新北市,242,新莊區,242,2362,北縣莊廣店,新北市新莊區化成路８５號,Y
HL,06,桃園市,326,楊梅區,326,2363,桃縣桃岡店,桃園市楊梅區成功路２號,Y
HL,13,雲林縣,631,大埤鄉,631,2364,雲縣雲發店,雲林縣大埤鄉尚義村延平路三段５８２、５８４號,Y
HL,03,新北市,236,土城區,236,2367,北縣城正店,新北市土城區中正路８號,Y
HL,07,苗栗縣,356,後龍鎮,356,2369,苗縣苗華店,苗栗縣後龍鎮光華路４２１號,Y
HL,06,桃園市,333,龜山區,333,2375,桃縣桃貿店,桃園市龜山區中興路２６５號,Y
HL,03,新北市,234,永和區,234,2380,北縣永富店,新北市永和區永平路１６４號,Y
HL,01,台北市,116,文山區,116,2385,北市文福店,台北市文山區景福街２３０巷２號,Y
HL,01,台北市,103,大同區,103,2389,北市同吉店,台北市大同區昌吉街６３號,Y
HL,03,新北市,248,五股區,248,2390,北縣五股店,新北市五股區五權路４２之１號,Y
HL,08,台中市,420,豐原區,420,2396,豐原辰光店,台中市豐原區安康路１００號,Y
HL,01,台北市,114,內湖區,114,2397,北市權湖店,台北市內湖區民權東路六段５８號,Y
HL,03,新北市,235,中和區,235,2398,北縣和泰店,新北市中和區泰和街１０號,Y
HL,03,新北市,241,三重區,241,2399,北縣重民店,新北市三重區三陽路５９號,Y
HL,06,桃園市,338,蘆竹區,338,2401,桃縣桃工店,桃園市蘆竹區南工路一段１４號,Y
HL,03,新北市,220,板橋區,220,2403,北縣板龍店,新北市板橋區龍興街７３巷２、４號１樓,Y
HL,01,台北市,104,中山區,104,2407,北市山寧店,台北市中山區長安東路二段１７１-７號,Y
HL,05,新竹縣,302,竹北市,302,2411,竹北竹振店,新竹縣竹北市中華路３４８號,Y
HL,12,嘉義縣,602,番路鄉,602,2417,嘉縣嘉路店,嘉義縣番路鄉下坑村下坑４６號,Y
HL,01,台北市,116,文山區,116,2419,北市文武店,台北市文山區羅斯福路五段２０３號,Y
HL,01,台北市,106,大安區,106,2421,北市安復店,台北市大安區復興南路一段１３５巷２１號,Y
HL,03,新北市,220,板橋區,220,2422,北縣板億店,新北市板橋區大觀路３段１６０巷３１弄１號,Y
HL,01,台北市,104,中山區,104,2425,北市山華店,台北市中山區長春路２０８號,Y
HL,06,桃園市,333,龜山區,333,2428,桃縣桃亞店,桃園市龜山區文化二路１５５號,Y
HL,03,新北市,249,八里區,249,2442,北縣商港店,新北市八里區商港路４６、４８號,Y
HL,06,桃園市,320,中壢區,320,2449,中壢桃尚店,桃園市中壢區新生路６３２號,Y
HL,01,台北市,105,松山區,105,2451,北市松華店,台北市松山區南京東路五段３４號,Y
HL,01,台北市,100,中正區,100,2457,北市正泉店,台北市中正區泉州街３１、３３號、寧波西街１０４號一樓,Y
HL,12,嘉義縣,603,梅山鄉,603,2462,嘉縣嘉梅店,嘉義縣梅山鄉中山路５７９號,Y
HL,10,彰化縣,514,溪湖鎮,514,2466,彰縣彰湖店,彰化縣溪湖鎮東溪里員鹿路一段２５３號,Y
HL,06,桃園市,330,桃園區,330,2477,桃市桃鼎店,桃園市桃園區國聖一街１６６號,Y
HL,01,台北市,106,大安區,106,2479,北市安華店,台北市大安區延吉街１３１巷４３號,Y
HL,06,桃園市,338,蘆竹區,338,2482,桃縣桃明店,桃園市蘆竹區光明路二段１７１、１７３號,Y
HL,03,新北市,242,新莊區,242,2492,北縣莊年店,新北市新莊區新豐街１１號,Y
HL,08,台中市,411,太平區,411,2493,太平中業店,台中市太平區鵬儀路２９６巷１號,Y
HL,10,彰化縣,505,鹿港鎮,505,2498,彰縣彰鼎店,彰化縣鹿港鎮頂番里頂草路一段１０６號,Y
HL,06,桃園市,338,蘆竹區,338,2501,桃縣桃安店,桃園市蘆竹區南山路二段１６６號,Y
HL,13,雲林縣,640,斗六市,640,2503,斗六雲德店,雲林縣斗六市明德路４５３、４５５號,Y
HL,01,台北市,105,松山區,105,2506,北市松康店,台北市松山區健康路３２５巷１２弄２號,Y
HL,03,新北市,222,深坑區,222,2508,北縣深北店,新北市深坑區北深路二段５７/５９/６１號,Y
HL,06,桃園市,330,桃園區,330,2509,桃市桃爵店,桃園市桃園區莊敬路一段３０４號,Y
HL,26,新竹市,381,東區,300,2510,新竹竹森店,新竹市東區林森路４６號,Y
HL,14,台南市,702,南區,702,2512,台南南慶店,台南市南區西門路一段２７７號,Y
HL,06,桃園市,337,大園區,337,2517,桃縣桃邦店,桃園市大園區中正東路一段６７３號,Y
HL,08,台中市,437,大甲區,437,2520,中縣中幼店,台中市大甲區中山路二段５８４－５號,Y
HL,03,新北市,238,樹林區,238,2527,北縣樹東店,新北市樹林區柑園街一段４９號,Y
HL,01,台北市,112,北投區,112,2528,北市北天店,台北市北投區中央北路４段８號,Y
HL,06,桃園市,326,楊梅區,326,2534,桃縣桃獅店,桃園市楊梅區獅二路１８號,Y
HL,03,新北市,248,五股區,248,2535,北縣五工店,新北市五股區五工六路２８號,Y
HL,08,台中市,402,南區,402,2539,台中中大店,台中市南區興大路３００號,Y
HL,06,桃園市,338,蘆竹區,338,2540,桃縣桃子店,桃園市蘆竹區濱海路一段２０３號,Y
HL,03,新北市,241,三重區,241,2543,北縣重大店,新北市三重區大仁街７８號,Y
HL,06,桃園市,320,中壢區,320,2544,中壢桃田店,桃園市中壢區榮民南路３０１號,Y
HL,16,高雄市,832,林園區,832,2545,高縣高林店,高雄市林園區忠孝西路３５號及福興街１８２號,Y
HL,26,新竹市,381,東區,300,2552,新竹竹化店,新竹市東區埔頂路７１號,Y
HL,08,台中市,437,大甲區,437,2553,中縣中獅店,台中市大甲區經國路１９３２號,Y
HL,08,台中市,412,大里區,412,2557,大里中愛店,台中市大里區東榮路４８６、４８８號,Y
HL,16,高雄市,811,楠梓區,811,2558,高市高梓店,高雄市楠梓區楠梓新路２５７＆２５９號一樓,Y
HL,06,桃園市,326,楊梅區,326,2559,桃縣桃楊店,桃園市楊梅區環南路６號,Y
HL,26,新竹市,381,東區,300,2561,新竹竹國店,新竹市東區北大路１號,Y
HL,16,高雄市,815,大社區,815,2562,高縣高龍店,高雄市大社區中山路４５９號,Y
HL,06,桃園市,324,平鎮區,324,2565,平鎮桃圳店,桃園市平鎮區圳南路２號,Y
HL,06,桃園市,338,蘆竹區,338,2566,桃縣桃旺店,桃園市蘆竹區長興路三段２１７號,Y
HL,01,台北市,115,南港區,115,2569,北市港北店,台北市南港區中坡北路５０巷１號,Y
HL,03,新北市,235,中和區,235,2570,北縣和圓店,新北市中和區圓通路２、４、６、號,Y
HL,12,嘉義縣,612,太保市,612,2572,太保嘉太店,嘉義縣太保市麻太路２００&２０２號,Y
HL,06,桃園市,337,大園區,337,2573,桃縣桃正店,桃園市大園區華興路３２３號,Y
HL,13,雲林縣,647,莿桐鄉,647,2576,雲縣雲桐店,雲林縣莿桐鄉中正路１６５號,Y
HL,26,新竹市,381,東區,300,2589,新竹竹利店,新竹市東區水利路７７、７９號一樓,Y
HL,10,彰化縣,510,員林市,510,2592,彰縣彰百店,彰化縣員林市員水路一段１７０號,Y
HL,08,台中市,407,西屯區,407,2594,台中中河店,台中市西屯區逢福里逢大路１５號,Y
HL,08,台中市,414,烏日區,414,2595,中縣中佳店,台中市烏日區中山路一段２１８號,Y
HL,06,桃園市,333,龜山區,333,2596,桃縣桃高店,桃園市龜山區文化一路７３號,Y
HL,01,台北市,115,南港區,115,2597,北市港漢店,台北市南港區南港路二段２、４號,Y
HL,26,新竹市,382,北區,300,2598,新竹竹諺店,新竹市北區中華路三段８８號,Y
HL,07,苗栗縣,358,苑裡鎮,358,2602,苗縣苗苑店,苗栗縣苑裡鎮新復里９鄰新復１３２-１３號,Y
HL,08,台中市,436,清水區,436,2603,中縣中燕店,台中市清水區民族路二段３６８號,Y
HL,03,新北市,239,鶯歌區,239,2605,北縣鶯駿店,新北市鶯歌區德昌街５０號,Y
HL,06,桃園市,337,大園區,337,2606,桃縣桃海店,桃園市大園區民生路１５４號,Y
HL,12,嘉義縣,614,東石鄉,614,2615,嘉縣嘉昱店,嘉義縣東石鄉猿樹村１４５之１號,Y
HL,03,新北市,241,三重區,241,2619,北縣重盈店,新北市三重區文化北路１０號,Y
HL,06,桃園市,338,蘆竹區,338,2622,桃縣桃錦店,桃園市蘆竹區南崁路一段２２５、２２７號,Y
HL,11,南投縣,540,南投市,540,2626,南投投順店,南投縣南投市南崗三路２４０號,Y
HL,14,台南市,701,東區,701,2627,台南南森店,台南市東區林森路二段１９２巷２９號,Y
HL,06,桃園市,326,楊梅區,326,2628,桃縣桃紡店,桃園市楊梅區中山南路５５８號,Y
HL,26,新竹市,381,東區,300,2635,新竹竹橋店,新竹市東區明湖路７１２號,Y
HL,11,南投縣,542,草屯鎮,542,2636,南投投源店,南投縣草屯鎮芬草路二段５６１號,Y
HL,08,台中市,407,西屯區,407,2637,台中中集店,台中市西屯區福科路５４１號,Y
HL,01,台北市,110,信義區,110,2638,北市信德店,台北市信義區虎林街１６４巷６０弄２號一樓部份,Y
HL,01,台北市,106,大安區,106,2639,北市安建店,台北市大安區建國南路一段３３７號,Y
HL,16,高雄市,807,三民區,807,2641,高市高進店,高雄市三民區九如一路２２７號,Y
HL,03,新北市,221,汐止區,221,2642,北縣汐福店,新北市汐止區福德一路２７０號,Y
HL,03,新北市,236,土城區,236,2643,北縣城廣店,新北市土城區廣明街５０號,Y
HL,14,台南市,701,東區,701,2645,台南南德店,台南市東區崇德路９８６號一樓,Y
HL,06,桃園市,327,新屋區,327,2649,桃縣桃奉店,桃園市新屋區中華南路二段１１、１３號,Y
HL,08,台中市,437,大甲區,437,2653,中縣中寶店,台中市大甲區幼獅路一號一樓,Y
HL,08,台中市,429,神岡區,429,2655,中縣中神店,台中市神岡區中山路１５９０號,Y
HL,08,台中市,414,烏日區,414,2656,中縣中溪店,台中市烏日區溪壩村環中路八段１６２號,Y
HL,19,屏東縣,927,林邊鄉,927,2659,屏縣屏邊店,屏東縣林邊鄉仁和村４鄰中山路１８７號,Y
HL,06,桃園市,324,平鎮區,324,2662,平鎮桃勤店,桃園市平鎮區自由街２１５、２１７號,Y
HL,02,基隆市,200,仁愛區,200,2666,基隆旭隆店,基隆市仁愛區精一路１號,Y
HL,06,桃園市,337,大園區,337,2667,桃縣桃港店,桃園市大園區漁港路３８７號,Y
HL,03,新北市,237,三峽區,237,2672,北縣三埔店,新北市三峽區中正路二段３３１之１號,Y
HL,01,台北市,112,北投區,112,2673,北市北崗店,台北市北投區中央北路三段４４、４６號,Y
HL,05,新竹縣,303,湖口鄉,303,2675,竹縣竹祥店,新竹縣湖口鄉榮光路１２３號,Y
HL,03,新北市,248,五股區,248,2677,北縣五興店,新北市五股區中興路二段１３號,Y
HL,26,新竹市,381,東區,300,2680,新竹竹環店,新竹市東區中正路４９號,Y
HL,07,苗栗縣,366,銅鑼鄉,366,2686,苗縣苗銅店,苗栗縣銅鑼鄉中正路９６號,Y
HL,06,桃園市,330,桃園區,330,2688,桃市桃平店,桃園市桃園區南平路２８０、２８２號,Y
HL,01,台北市,105,松山區,105,2690,北市松遠店,台北市松山區撫遠街３６９巷３６號,Y
HL,03,新北市,248,五股區,248,2691,北縣五春店,新北市五股區五工五路１８號,Y
HL,06,桃園市,320,中壢區,320,2698,中壢桃吉店,桃園市中壢區中豐路７９、７９-１號,Y
HL,08,台中市,412,大里區,412,2705,大里中爽店,台中市大里區爽文路３０６號１樓,Y
HL,08,台中市,411,太平區,411,2706,太平中光店,台中市太平區光興路２２８８號,Y
HL,01,台北市,103,大同區,103,2707,北市同密店,台北市大同區哈密街５９巷２１號,Y
HL,05,新竹縣,302,竹北市,302,2713,竹北竹洲店,新竹縣竹北市中正西路６７１號,Y
HL,07,苗栗縣,356,後龍鎮,356,2717,苗縣苗港店,苗栗縣後龍鎮水尾里８鄰水尾６７-３號,Y
HL,06,桃園市,325,龍潭區,325,2718,桃縣桃喜店,桃園市龍潭區中正路６１３號,Y
HL,04,宜蘭縣,265,羅東鎮,265,2722,宜蘭羅東店,宜蘭縣羅東鎮東安里２７鄰傳藝路三段１８６號,Y
HL,07,苗栗縣,367,三義鄉,367,2724,苗縣苗義店,苗栗縣三義鄉水美路２１０號,Y
HL,12,嘉義縣,604,竹崎鄉,604,2725,嘉縣嘉竹店,嘉義縣竹崎鄉紫雲村大竹圍１４之９號,Y
HL,01,台北市,110,信義區,110,2729,北市信吉店,台北市信義區永吉路１２５號一樓,Y
HL,08,台中市,408,南屯區,408,2731,台中中豐店,台中市南屯區文心南五路３２７、３２９號,Y
HL,11,南投縣,540,南投市,540,2732,南投投村店,南投縣南投市中興路２２１號,Y
HL,08,台中市,414,烏日區,414,2734,中縣中連店,台中市烏日區太明北路２號,Y
HL,06,桃園市,333,龜山區,333,2740,桃縣桃慶店,桃園市龜山區文化三路４８、５０號及文三一街１號,Y
HL,06,桃園市,334,八德區,334,2741,八德桃鑽店,桃園市八德區興豐路８３８、８４０號,Y
HL,03,新北市,242,新莊區,242,2743,北縣豐年店,新北市新莊區豐年街１１８之１號,Y
HL,03,新北市,220,板橋區,220,2746,北縣板嘉店,新北市板橋區雙十路三段２９號,Y
HL,03,新北市,251,淡水區,251,2749,北縣淡虹店,新北市淡水區淡金路５段２０-２２號,Y
HL,01,台北市,111,士林區,111,2755,北市士慶店,台北市士林區社正路７５號,Y
HL,03,新北市,237,三峽區,237,2756,北縣三峽店,新北市三峽區中正路一段７５-１號,Y
HL,01,台北市,110,信義區,110,2758,北市信東店,台北市信義區忠孝東路５段６３號,Y
HL,03,新北市,241,三重區,241,2759,北縣重化店,新北市三重區仁化街１１８、１２０號,Y
HL,16,高雄市,830,鳳山區,830,2760,鳳山高行店,高雄市鳳山區力行路８１＆８３號,Y
HL,06,桃園市,326,楊梅區,326,2762,桃縣桃怡店,桃園市楊梅區楊新北路３２１巷３０號,Y
HL,06,桃園市,333,龜山區,333,2763,桃縣桃燿店,桃園市龜山區頂湖２３號、頂湖三街２號,Y
HL,26,新竹市,381,東區,300,2765,新竹竹峰店,新竹市東區高峰路３８６巷５號,Y
HL,08,台中市,407,西屯區,407,2767,台中中都店,台中市西屯區西屯路三段１７３-２５號,Y
HL,08,台中市,435,梧棲區,435,2768,中縣中棲店,台中市梧棲區台灣大道八段３９８-１號,Y
HL,06,桃園市,330,桃園區,330,2777,桃市桃建店,桃園市桃園區建國東路１１、１１-１號,Y
HL,16,高雄市,831,大寮區,831,2781,高縣高庄店,高雄市大寮區中庄村中庄路１號,Y
HL,01,台北市,110,信義區,110,2782,北市信彩店,台北市信義區基隆路一段３５０之４１、４３號一樓,Y
HL,26,新竹市,382,北區,300,2787,新竹竹遠店,新竹市北區西大路４９１、４９１-１號+集和街８４號,Y
HL,06,桃園市,335,大溪區,335,2788,桃縣桃天店,桃園市大溪區復興路一段２６８號,Y
HL,14,台南市,745,安定區,745,2790,南縣南定店,台南市安定區六嘉村３２之１號,Y
HL,01,台北市,103,大同區,103,2792,北市同達店,台北市大同區延平北路二段１１４、１１６、１１８號及民生西路３３５號,Y
HL,01,台北市,106,大安區,106,2793,北市安皓店,台北市大安區忠孝東路４段１８１巷８號,Y
HL,01,台北市,105,松山區,105,2797,北市松育店,台北市松山區八德路３段１１９號,Y
HL,06,桃園市,327,新屋區,327,2802,桃縣桃花店,桃園市新屋區中山東路一段１６２號,Y
HL,08,台中市,433,沙鹿區,433,2809,中縣中宜店,台中市沙鹿區北勢東路５５７號,Y
HL,06,桃園市,330,桃園區,330,2811,桃市桃仁店,桃園市桃園區大仁路５４、５６號,Y
HL,06,桃園市,325,龍潭區,325,2818,桃縣桃魏店,桃園市龍潭區中豐路５９６號,Y
HL,06,桃園市,334,八德區,334,2819,八德桃夢店,桃園市八德區永豐路２３０號,Y
HL,10,彰化縣,500,彰化市,500,2822,彰化彰鴻店,彰化縣彰化市泰和東街３７２號,Y
HL,06,桃園市,324,平鎮區,324,2830,平鎮桃泉店,桃園市平鎮區南豐路２５９號,Y
HL,06,桃園市,324,平鎮區,324,2831,平鎮桃豐店,桃園市平鎮區東豐路１２７、１２９、１３１號,Y
HL,08,台中市,402,南區,402,2832,台中中鑽店,台中市南區工學里工學路１６９號,Y
HL,06,桃園市,334,八德區,334,2834,八德桃尊店,桃園市八德區建國路８７１號壹樓,Y
HL,03,新北市,241,三重區,241,2837,北縣重萬店,新北市三重區中華路９２號及９４號,Y
HL,10,彰化縣,505,鹿港鎮,505,2839,彰縣彰宜店,彰化縣鹿港鎮彰濱五路二段２９２號,Y
HL,04,宜蘭縣,260,宜蘭市,260,2842,宜蘭宜兆店,宜蘭縣宜蘭市復興路一段８８、９０號,Y
HL,01,台北市,103,大同區,103,2845,北市同京店,台北市大同區西寧北路３５號,Y
HL,14,台南市,717,仁德區,717,2846,南縣南工店,台南市仁德區中正路一段３４０號,Y
HL,06,桃園市,324,平鎮區,324,2850,平鎮桃軍店,桃園市平鎮區中豐路山頂段一巷２號,Y
HL,06,桃園市,320,中壢區,320,2853,中壢桃合店,桃園市中壢區合圳北路二段４７號,Y
HL,01,台北市,104,中山區,104,2860,北市山德店,台北市中山區德惠街１０９號,Y
HL,08,台中市,414,烏日區,414,2863,中縣中武店,台中市烏日區五光路１７８號,Y
HL,05,新竹縣,303,湖口鄉,303,2865,竹縣竹鑽店,新竹縣湖口鄉德和路７６巷２號,Y
HL,08,台中市,435,梧棲區,435,2869,中縣中炫店,台中市梧棲區中央路１段６２５號,Y
HL,10,彰化縣,523,埤頭鄉,523,2873,彰縣明苑店,彰化縣埤頭鄉文化路３６９號,Y
HL,11,南投縣,557,竹山鎮,557,2875,南投投喜店,南投縣竹山鎮自強路１號,Y
HL,06,桃園市,330,桃園區,330,2882,桃市桃昌店,桃園市桃園區宏昌六街１０８號,Y
HL,03,新北市,238,樹林區,238,2887,北縣樹博店,新北市樹林區博愛街８６號,Y
HL,03,新北市,247,蘆洲區,247,2890,北縣蘆江店,新北市蘆洲區鷺江街６９號一樓,Y
HL,04,宜蘭縣,260,宜蘭市,260,2891,宜蘭宜中店,宜蘭縣宜蘭市民族路３９６號,Y
HL,05,新竹縣,303,湖口鄉,303,2893,竹縣竹麟店,新竹縣湖口鄉中山路二段１１９號,Y
HL,01,台北市,100,中正區,100,2895,北市正東店,台北市中正區紹興南街４之１２號,Y
HL,03,新北市,251,淡水區,251,2897,北縣淡鑫店,新北市淡水區北新路１６５、１６７號,Y
HL,26,新竹市,381,東區,300,2901,新竹竹神店,新竹市東區興學街１１７、１１９、１２１號,Y
HL,06,桃園市,320,中壢區,320,2909,中壢桃業店,桃園市中壢區自強一路２２、２６號,Y
HL,06,桃園市,327,新屋區,327,2910,桃縣桃濱店,桃園市新屋區中山西路三段６５０號,Y
HL,03,新北市,235,中和區,235,2911,北縣和大店,新北市中和區自立路２０巷１號,Y
HL,03,新北市,221,汐止區,221,2912,北縣汐忠店,新北市汐止區忠三街１９號,Y
HL,12,嘉義縣,604,竹崎鄉,604,2917,嘉縣嘉棹店,嘉義縣竹崎鄉中和村石棹２２之１９號,Y
HL,05,新竹縣,303,湖口鄉,303,2920,竹縣竹蓮店,新竹縣湖口鄉中平路一段３６８、３７０號,Y
HL,05,新竹縣,302,竹北市,302,2921,竹北竹發店,新竹縣竹北市縣政二路１７５、１７７號,Y
HL,07,苗栗縣,350,竹南鎮,350,2922,苗縣苗旺店,苗栗縣竹南鎮中美里５鄰西門１０號,Y
HL,03,新北市,241,三重區,241,2935,北縣重錦店,新北市三重區中央北路２號,Y
HL,03,新北市,234,永和區,234,2941,北縣永任店,新北市永和區永和路二段２１７號,Y
HL,06,桃園市,320,中壢區,320,2948,中壢桃萱店,桃園市中壢區永福路１０５５號,Y
HL,07,苗栗縣,356,後龍鎮,356,2950,苗縣苗發店,苗栗縣後龍鎮新民里１２鄰中心路１２０~１２、１２１號,Y
HL,26,新竹市,381,東區,300,2952,新竹竹群店,新竹市東區金山２３街３６、３８號,Y
HL,11,南投縣,542,草屯鎮,542,2955,南投投家店,南投縣草屯鎮博愛路１３２１號,Y
HL,03,新北市,247,蘆洲區,247,2958,北縣蘆旺店,新北市蘆洲區正和街４７號,Y
HL,06,桃園市,337,大園區,337,2959,桃縣華航店,桃園市大園區航勤南路９號(華航修護廠餐廳),Y
HL,19,屏東縣,900,屏東市,900,2961,屏東屏敬店,屏東縣屏東市莊敬街一段５６號,Y
HL,06,桃園市,325,龍潭區,325,2962,桃縣龍吟店,桃園市龍潭區中原路一段５０６號,Y
HL,06,桃園市,327,新屋區,327,2963,桃縣桃丹店,桃園市新屋區中山路４５７號,Y
HL,26,新竹市,381,東區,300,2965,新竹竹旺店,新竹市東區光復路二段２７５-１號,Y
HL,19,屏東縣,912,內埔鄉,912,2968,屏縣屏瑋店,屏東縣內埔鄉美和村學人路２９１號,Y
HL,26,新竹市,382,北區,300,2972,新竹竹勇店,新竹市北區中和路１４６號壹樓,Y
HL,01,台北市,110,信義區,110,2982,北市信北店,台北市信義區中坡北路１７、１９號,Y
HL,26,新竹市,381,東區,300,2987,新竹竹高店,新竹市東區高峰路１號,Y
HL,06,桃園市,338,蘆竹區,338,2988,桃縣桃環店,桃園市蘆竹區南工路１５０號,Y
HL,06,桃園市,325,龍潭區,325,2990,桃縣桃亮店,桃園市龍潭區中興路６４９、６５１號,Y
HL,06,桃園市,325,龍潭區,325,2991,桃縣桃益店,桃園市龍潭區中豐路５２９、５３１號,Y
HL,03,新北市,220,板橋區,220,2995,北縣板雅店,新北市板橋區南雅東路１００巷３號一樓,Y
HL,08,台中市,402,南區,402,2998,台中中慶店,台中市南區樹德里１２鄰大慶街二段２７號,Y
HL,16,高雄市,813,左營區,813,2999,高市高富店,高雄市左營區富民路３５０號,Y
HL,03,新北市,220,板橋區,220,3003,北縣板美店,新北市板橋區重慶路２９０巷９號,Y
HL,06,桃園市,333,龜山區,333,3008,桃縣桃摩店,桃園市龜山區文化三路９５、９７號,Y
HL,05,新竹縣,302,竹北市,302,3015,竹北竹慶店,新竹縣竹北市中山路１２號,Y
HL,06,桃園市,337,大園區,337,3016,桃縣桃品店,桃園市大園區三民路二段５９１、５９３號２F,Y
HL,06,桃園市,333,龜山區,333,3017,桃縣桃頌店,桃園市龜山區大同路３５８、３６４號,Y
HL,06,桃園市,330,桃園區,330,3018,桃市桃恩店,桃園市桃園區文中路６９１、６９３號,Y
HL,06,桃園市,334,八德區,334,3025,八德桃棒店,桃園市八德區大福街８６號,Y
HL,06,桃園市,324,平鎮區,324,3027,平鎮桃爺店,桃園市平鎮區關爺西路１、１-１號,Y
HL,05,新竹縣,302,竹北市,302,3028,竹北竹凰店,新竹縣竹北市鳳岡路三段２４５號,Y
HL,03,新北市,236,土城區,236,3029,北縣城吉店,新北市土城區延吉街９６號,Y
HL,06,桃園市,330,桃園區,330,3031,桃市桃桐店,桃園市桃園區桃鶯路２２０號,Y
HL,01,台北市,112,北投區,112,3034,北市關渡店,台北市北投區知行路３１４號、３１６巷２號,Y
HL,19,屏東縣,907,鹽埔鄉,907,3036,屏縣屏欣店,屏東縣鹽埔鄉新圍村維新路１１２之１號,Y
HL,06,桃園市,320,中壢區,320,3042,中壢桃通店,桃園市中壢區中正路１０９６號,Y
HL,06,桃園市,338,蘆竹區,338,3045,桃縣桃楚店,桃園市蘆竹區海山路二段２６２號,Y
HL,26,新竹市,381,東區,300,3047,新竹力晶店,新竹市東區力行一路１２號二廠５樓,Y
HL,16,高雄市,813,左營區,813,3049,高市高育店,高雄市左營區明華一路７２號及辛亥路８７號,Y
HL,03,新北市,242,新莊區,242,3052,北縣莊玲店,新北市新莊區自信街７７號+７５巷２號,Y
HL,05,新竹縣,304,新豐鄉,304,3055,竹縣竹陞店,新竹縣新豐鄉池府路６９號,Y
HL,06,桃園市,334,八德區,334,3056,八德桃定店,桃園市八德區東勇街１號,Y
HL,06,桃園市,326,楊梅區,326,3058,桃縣桃文店,桃園市楊梅區瑞溪路二段１０２號,Y
HL,06,桃園市,325,龍潭區,325,3061,桃縣桃翁店,桃園市龍潭區中豐路７１１號,Y
HL,01,台北市,111,士林區,111,3062,北市士銓店,台北市士林區中山北路七段１８６號,Y
HL,13,雲林縣,640,斗六市,640,3067,斗六雲萬店,雲林縣斗六市萬年路６３２號,Y
HL,19,屏東縣,900,屏東市,900,3069,屏東屏佳店,屏東縣屏東市民族路７５號,Y
HL,06,桃園市,326,楊梅區,326,3072,桃縣桃騰店,桃園市楊梅區瑞溪路一段２１８號,Y
HL,06,桃園市,320,中壢區,320,3077,中壢桃雙店,桃園市中壢區中山東路三段２８２號,Y
HL,26,新竹市,381,東區,300,3078,新竹竹恩店,新竹市東區文昌街６９號、武昌街７９號,Y
HL,01,台北市,103,大同區,103,3080,北市同安店,台北市大同區重慶北路一段６３號,Y
HL,08,台中市,403,西區,403,3081,台中中堂店,台中市西區民生路１０９、１１１號,Y
HL,03,新北市,234,永和區,234,3082,北縣永遠店,新北市永和區福和路７巷１１弄１６號,Y
HL,12,嘉義縣,616,新港鄉,616,3086,嘉縣嘉月店,嘉義縣新港鄉月眉村１２７、１２８-１號,Y
HL,05,新竹縣,302,竹北市,302,3087,竹北竹文店,新竹縣竹北市縣政九路２１５號,Y
HL,01,台北市,103,大同區,103,3088,北市同蝶店,台北市大同區南京西路３０號,Y
HL,10,彰化縣,514,溪湖鎮,514,3090,彰縣彰福店,彰化縣溪湖鎮二溪路二段６１２號,Y
HL,06,桃園市,330,桃園區,330,3092,桃市桃慈店,桃園市桃園區慈光街６３號,Y
HL,06,桃園市,328,觀音區,328,3093,桃縣桃鵬店,桃園市觀音區大觀路二段３１３號,Y
HL,08,台中市,428,大雅區,428,3095,中縣中潭店,台中市大雅區雅潭路四段８６號,Y
HL,06,桃園市,334,八德區,334,3099,八德桃昂店,桃園市八德區長興路５７６、５７８號,Y
HL,14,台南市,710,永康區,710,3101,永康南俊店,台南市永康區中正路８９０號一樓,Y
HL,01,台北市,114,內湖區,114,3105,北市康湖店,台北市內湖區安康路１４２號,Y
HL,05,新竹縣,304,新豐鄉,304,3107,竹縣竹寶店,新竹縣新豐鄉新和路１２８號,Y
HL,14,台南市,702,南區,702,3109,台南華文店,台南市南區永華路２６９號&文南路３４９號,Y
HL,01,台北市,112,北投區,112,3118,北市北功店,台北市北投區立德路６０號及立功街１３５號,Y
HL,06,桃園市,334,八德區,334,3119,八德桃爾店,桃園市八德區廣福路２８１、２８３號,Y
HL,06,桃園市,325,龍潭區,325,3125,桃縣桃豪店,桃園市龍潭區中正路上華段１０８、１１０號,Y
HL,16,高雄市,812,小港區,812,3126,高市高旅店,高雄市小港區博學路５７９&５８１號,Y
HL,02,基隆市,200,仁愛區,200,3128,基隆隆五店,基隆市仁愛區仁五路３５號一樓,Y
HL,06,桃園市,320,中壢區,320,3131,中壢桃茁店,桃園市中壢區西園路１１２號,Y
HL,06,桃園市,325,龍潭區,325,3132,桃縣桃夏店,桃園市龍潭區中豐路高平段３２１、３２７號,Y
HL,08,台中市,428,大雅區,428,3135,中縣中勇店,台中市大雅區平和路８３號,Y
HL,10,彰化縣,503,花壇鄉,503,3138,彰縣彰壇店,彰化縣花壇鄉番花路５號,Y
HL,06,桃園市,330,桃園區,330,3141,桃市桃磐店,桃園市桃園區建新街２７７號,Y
HL,26,新竹市,381,東區,300,3143,新竹實中店,新竹市東區介壽路３００號,Y
HL,14,台南市,702,南區,702,3146,台南南都店,台南市南區德興路１號、３號及新都路４６７號,Y
HL,03,新北市,220,板橋區,220,3147,北縣板明店,新北市板橋區陽明街５２號+自由路１號,Y
HL,06,桃園市,330,桃園區,330,3150,桃市桃版店,桃園市桃園區龍壽街２０２-８號,Y
HL,06,桃園市,320,中壢區,320,3155,中壢桃杰店,桃園市中壢區吉林路６９、７１號,Y
HL,06,桃園市,320,中壢區,320,3156,中壢壢民店,桃園市中壢區義民路二段１５７號,Y
HL,11,南投縣,540,南投市,540,3158,南投投興店,南投縣南投市光華十路６-１號,Y
HL,05,新竹縣,303,湖口鄉,303,3163,竹縣竹賀店,新竹縣湖口鄉文化路６５號,Y
HL,13,雲林縣,632,虎尾鎮,632,3169,雲縣雲內店,雲林縣虎尾鎮埒內８０、８１號,Y
HL,07,苗栗縣,351,頭份市,351,3179,苗縣頭正店,苗栗縣頭份市中正一路１８５號,Y
HL,03,新北市,220,板橋區,220,3183,北縣板好店,新北市板橋區中正路３４１巷３７號,Y
HL,05,新竹縣,307,芎林鄉,307,3187,竹縣富林店,新竹縣芎林鄉文德路５１號及綠獅段７１５-２地號,Y
HL,14,台南市,725,將軍區,725,3205,南縣南歐店,台南市將軍區西華村５鄰西華６７-２３號,Y
HL,01,台北市,114,內湖區,114,3206,北市湖潤店,台北市內湖區舊宗路一段１８８號,Y
HL,26,新竹市,382,北區,300,3218,新竹竹湳店,新竹市北區武陵路１２３號,Y
HL,11,南投縣,544,國姓鄉,544,3219,南投國姓店,南投縣國姓鄉中正路一段１００-１號,Y
HL,06,桃園市,333,龜山區,333,3220,桃縣桃耕店,桃園市龜山區忠義路一段１０４１號,Y
HL,26,新竹市,382,北區,300,3221,新竹竹鵬店,新竹市北區延平路一段３９３號,Y
HL,01,台北市,104,中山區,104,3225,北市大同店,台北市中山區中山北路三段４０號,Y
HL,03,新北市,248,五股區,248,3227,北縣五維店,新北市五股區四維路１５３號,Y
HL,06,桃園市,326,楊梅區,326,3235,桃縣楊福店,桃園市楊梅區福德街６６、６８號,Y
HL,26,新竹市,381,東區,300,3240,新竹竹賓店,新竹市東區中華路二段２０６號,Y
HL,06,桃園市,330,桃園區,330,3242,桃市桃都店,桃園市桃園區樹仁二街４６、５０號,Y
HL,03,新北市,244,林口區,244,3243,北縣醒吾店,新北市林口區粉寮路一段１０１號(醒吾科技大學內生活大樓一樓餐飲中心美食廣場),Y
HL,16,高雄市,807,三民區,807,3247,高市科工店,高雄市三民區九如一路５３３、５３５號,Y
HL,01,台北市,112,北投區,112,3257,北市北武店,台北市北投區學園路２號,Y
HL,10,彰化縣,508,和美鎮,508,3266,彰縣彰新店,彰化縣和美鎮彰新路三段１８３、１８５、１８７號,Y
HL,06,桃園市,328,觀音區,328,3270,桃縣觀坪店,桃園市觀音區忠愛路三段２號,Y
HL,01,台北市,106,大安區,106,3271,北市臨江店,台北市大安區臨江街４０巷２號,Y
HL,06,桃園市,334,八德區,334,3276,八德桃壯店,桃園市八德區國際路８５號,Y
HL,16,高雄市,802,苓雅區,802,3277,高市雅福店,高雄市苓雅區福德二路５號,Y
HL,06,桃園市,326,楊梅區,326,3279,桃縣楊賀店,桃園市楊梅區幼獅路二段１號,Y
HL,16,高雄市,830,鳳山區,830,3282,鳳山鳳育店,高雄市鳳山區鳳育路２號及和成路５１９－１號,Y
HL,08,台中市,406,北屯區,406,3285,台中中軍店,台中市北屯區軍功路二段１３０號,Y
HL,05,新竹縣,302,竹北市,302,3289,竹北北冠店,新竹縣竹北市縣政九路１６１號,Y
HL,12,嘉義縣,613,朴子市,613,3290,朴子松梅店,嘉義縣朴子市松華里牛挑灣３５１號,Y
HL,10,彰化縣,503,花壇鄉,503,3293,彰縣彰花店,彰化縣花壇鄉中山路一段７２號,Y
HL,06,桃園市,320,中壢區,320,3296,中壢壢聖店,桃園市中壢區中正路二段３５９號,Y
HL,01,台北市,110,信義區,110,3301,北市信誠店,台北市信義區松山路５３７號及５４１巷１號,Y
HL,07,苗栗縣,351,頭份市,351,3315,苗縣頭軒店,苗栗縣頭份市忠孝二路１２８號,Y
HL,04,宜蘭縣,260,宜蘭市,260,3316,宜蘭校舍店,宜蘭縣宜蘭市東村里１６鄰陽明二路６９號,Y
HL,03,新北市,235,中和區,235,3318,北縣自治店,新北市中和區自治街３８號及４０號,Y
HL,08,台中市,436,清水區,436,3321,中縣甲南店,台中市清水區菁埔里中山路５６３號,Y
HL,08,台中市,406,北屯區,406,3327,台中中竹店,台中市北屯區后庄路４８１號,Y
HL,06,桃園市,330,桃園區,330,3336,桃市桃法店,桃園市桃園區健行路１０３號,Y
HL,05,新竹縣,310,竹東鎮,310,3337,竹縣東竹店,新竹縣竹東鎮竹中路１３１號,Y
HL,10,彰化縣,511,社頭鄉,511,3338,彰縣彰鳳店,彰化縣社頭鄉山腳路三段２３０號,Y
HL,01,台北市,115,南港區,115,3340,北市港醫店,台北市南港區同德路８７號,Y
HL,26,新竹市,381,東區,300,3344,新竹力行店,新竹市東區力行路１６之１號６樓,Y
HL,03,新北市,239,鶯歌區,239,3347,北縣鶯國店,新北市鶯歌區大湖路５３２、５３４號,Y
HL,16,高雄市,807,三民區,807,3350,高市高應大店,高雄市三民區建工路４１５號,Y
HL,16,高雄市,831,大寮區,831,3356,高縣翁園店,高雄市大寮區萬丹路１１１２號,Y
HL,03,新北市,242,新莊區,242,3358,北縣莊月店,新北市新莊區中和街１９號,Y
HL,03,新北市,241,三重區,241,3362,北縣重武店,新北市三重區安慶街２０３之１號,Y
HL,26,新竹市,382,北區,300,3365,新竹竹磐店,新竹市北區西大路７３４號,Y
HL,08,台中市,433,沙鹿區,433,3366,中縣中航店,台中市沙鹿區中航路一段３１０號,Y
HL,08,台中市,414,烏日區,414,3377,中縣中分店,台中市烏日區五光路７０８號,Y
HL,03,新北市,242,新莊區,242,3380,北縣莊勝店,新北市新莊區幸福路５６２號,Y
HL,16,高雄市,812,小港區,812,3386,高市東林店,高雄市小港區東林路１２之５號,Y
HL,05,新竹縣,303,湖口鄉,303,3389,竹縣湖丰店,新竹縣湖口鄉光復東路３３５、３３５-１號,Y
HL,13,雲林縣,647,莿桐鄉,647,3390,雲縣雲好店,雲林縣莿桐鄉義和村三和路１３７-１、１３７-２號,Y
HL,04,宜蘭縣,270,蘇澳鎮,270,3392,宜蘭新馬店,宜蘭縣蘇澳鎮馬賽路４３９號,Y
HL,01,台北市,105,松山區,105,3395,北市松清店,台北市松山區南京東路５段２５０巷３-１號,Y
HL,08,台中市,421,后里區,421,3396,中縣中冠店,台中市后里區甲后路８９７號,Y
HL,02,基隆市,206,七堵區,206,3398,基隆百福店,基隆市七堵區百五街４３號、福二街２０６號,Y
HL,03,新北市,220,板橋區,220,3399,北縣板成店,新北市板橋區莊敬路７７號,Y
HL,16,高雄市,831,大寮區,831,3401,高縣高金店,高雄市大寮區萬丹路６０９號,Y
HL,03,新北市,238,樹林區,238,3403,北縣樹佳店,新北市樹林區味王街３號及７號,Y
HL,06,桃園市,324,平鎮區,324,3405,平鎮壢新店,桃園市平鎮區廣泰路７５號,Y
HL,03,新北市,238,樹林區,238,3407,北縣樹宏店,新北市樹林區中興街６０號及中山路１０８巷５７號,Y
HL,08,台中市,407,西屯區,407,3409,台中中屯店,台中市西屯區文心路３段９１號,Y
HL,08,台中市,429,神岡區,429,3413,中縣神岡店,台中市神岡區和睦路一段２８５號,Y
HL,03,新北市,220,板橋區,220,3416,北縣板鑽店,新北市板橋區國慶路１８０號,Y
HL,03,新北市,237,三峽區,237,3419,北縣三勇店,新北市三峽區大勇路２之１號,Y
HL,01,台北市,104,中山區,104,3421,北市榮輝店,台北市中山區民權東路３段７號,Y
HL,11,南投縣,542,草屯鎮,542,3422,南投投香店,南投縣草屯鎮新豐路２９８號,Y
HL,16,高雄市,806,前鎮區,806,3435,高市瑞福店,高雄市前鎮區瑞福路１８５號,Y
HL,26,新竹市,381,東區,300,3436,新竹竹沐店,新竹市東區經國路一段３７９巷１號,Y
HL,03,新北市,242,新莊區,242,3438,北縣莊國店,新北市新莊區復興路二段３１號,Y
HL,03,新北市,231,新店區,231,3441,北縣新戰店,新北市新店區安民街１３６號,Y
HL,10,彰化縣,507,線西鄉,507,3445,彰縣線西店,彰化縣線西鄉和線路９０９號,Y
HL,01,台北市,104,中山區,104,3449,北市山擎店,台北市中山區天祥路７０號,Y
HL,05,新竹縣,303,湖口鄉,303,3451,竹縣湖德店,新竹縣湖口鄉明德街２４３號,Y
HL,03,新北市,247,蘆洲區,247,3452,北縣蘆信店,新北市蘆洲區信義路３５號,Y
HL,06,桃園市,320,中壢區,320,3455,中壢壢榮店,桃園市中壢區永福路６０３號,Y
HL,06,桃園市,334,八德區,334,3456,八德德榮店,桃園市八德區龍江路３１３、３１５號,Y
HL,03,新北市,249,八里區,249,3458,北縣米倉店,新北市八里區龍米路一段２１５、２１７號,Y
HL,10,彰化縣,516,埔鹽鄉,516,3460,彰縣埔鹽店,彰化縣埔鹽鄉中正路２３１號一樓２３３號,Y
HL,05,新竹縣,304,新豐鄉,304,3465,竹縣豐埔店,新竹縣新豐鄉埔和村７鄰埔頂１８６號,Y
HL,05,新竹縣,302,竹北市,302,3466,竹北北愛店,新竹縣竹北市博愛街７６２號,Y
HL,13,雲林縣,640,斗六市,640,3467,斗六雲大店,雲林縣斗六市大學路三段２３３號,Y
HL,07,苗栗縣,364,大湖鄉,364,3470,苗縣大富店,苗栗縣大湖鄉富興村八寮灣３-７、３-８號,Y
HL,01,台北市,111,士林區,111,3471,北市士大店,台北市士林區大東路７號,Y
HL,06,桃園市,334,八德區,334,3478,八德德利店,桃園市八德區力行街１１７-１號,Y
HL,05,新竹縣,307,芎林鄉,307,3480,竹縣富裕店,新竹縣芎林鄉福昌街３９３號,Y
HL,06,桃園市,320,中壢區,320,3486,中壢壢普店,桃園市中壢區中山東路二段４４５-１、４４５-２號,Y
HL,19,屏東縣,928,東港鎮,928,3491,屏縣東港店,屏東縣東港鎮嘉蓮路１之３號壹樓,Y
HL,06,桃園市,330,桃園區,330,3493,桃市桃慧店,桃園市桃園區大興西路二段５５號１樓之２,Y
HL,16,高雄市,802,苓雅區,802,3495,高市武慶店,高雄市苓雅區武慶三路７４及７６號,Y
HL,01,台北市,108,萬華區,108,3497,北市萬寧店,台北市萬華區長沙街二段５０號,Y
HL,05,新竹縣,302,竹北市,302,3508,竹北北鮮店,新竹縣竹北市大同街３３號,Y
HL,01,台北市,111,士林區,111,3509,北市士海店,台北市士林區延平北路９段２１２號,Y
HL,16,高雄市,814,仁武區,814,3513,高縣鼎仁店,高雄市仁武區仁雄路４６７號,Y
HL,13,雲林縣,637,崙背鄉,637,3518,雲縣雲鼎店,雲林縣崙背鄉大有村大有路１５８之３號,Y
HL,03,新北市,236,土城區,236,3521,北縣城士店,新北市土城區裕民路２４０號及２４２號,Y
HL,14,台南市,702,南區,702,3522,台南新建店,台南市南區新建路３７巷２號１樓,Y
HL,06,桃園市,326,楊梅區,326,3525,桃縣楊湖店,桃園市楊梅區楊湖路三段６０４號,Y
HL,06,桃園市,330,桃園區,330,3527,桃市桃雄店,桃園市桃園區大有路１２８號,Y
HL,01,台北市,106,大安區,106,3528,北市安盈店,台北市大安區和平東路１段１２９號,Y
HL,03,新北市,238,樹林區,238,3529,北縣樹鑽店,新北市樹林區三俊街７２-１號,Y
HL,14,台南市,710,永康區,710,3532,永康上永店,台南市永康區中正北路３１４號,Y
HL,03,新北市,231,新店區,231,3534,北縣新國店,新北市新店區建國路４３號及建安街１號,Y
HL,06,桃園市,320,中壢區,320,3535,中壢壢廣店,桃園市中壢區志廣路８１號,Y
HL,01,台北市,105,松山區,105,3536,北市松柏店,台北市松山區光復北路１０２號,Y
HL,07,苗栗縣,360,苗栗市,360,3539,苗栗苗福店,苗栗縣苗栗市至公路５２８號,Y
HL,08,台中市,428,大雅區,428,3540,中縣雅環店,台中市大雅區雅環路二段３４６、３４８號,Y
HL,12,嘉義縣,606,中埔鄉,606,3542,嘉縣和發店,嘉義縣中埔鄉中山路５段７３６號,Y
HL,06,桃園市,326,楊梅區,326,3549,桃縣楊翔店,桃園市楊梅區楊湖路一段６５５、６５７號,Y
HL,03,新北市,251,淡水區,251,3550,北縣淡醫店,新北市淡水區民權路４７號,Y
HL,03,新北市,220,板橋區,220,3551,北縣板豐店,新北市板橋區永豐街５１-１、５１-２號,Y
HL,01,台北市,112,北投區,112,3553,北市惇敘店,台北市北投區泉源路２２１號,Y
HL,06,桃園市,338,蘆竹區,338,3556,桃縣蘆華店,桃園市蘆竹區大竹北路１８０號,Y
HL,14,台南市,724,七股區,724,3561,南縣大潭店,台南市七股區大潭村台潭２５號,Y
HL,04,宜蘭縣,262,礁溪鄉,262,3563,宜蘭佛光店,宜蘭縣礁溪鄉林美村林尾路１６０號,Y
HL,03,新北市,235,中和區,235,3569,北縣飛和店,新北市中和區中板路２７號,Y
HL,01,台北市,103,大同區,103,3570,北市雙蝶店,台北市大同區南京西路６４巷９弄２號,Y
HL,10,彰化縣,506,福興鄉,506,3572,彰縣番花店,彰化縣福興鄉番花路二段８６７號,Y
HL,05,新竹縣,303,湖口鄉,303,3575,竹縣湖笙店,新竹縣湖口鄉中正路三段１０、１２號,Y
HL,01,台北市,100,中正區,100,3576,北市正光店,台北市中正區市民大道三段８號,Y
HL,06,桃園市,320,中壢區,320,3578,中壢壢秀店,桃園市中壢區民族路４５、４７號,Y
HL,05,新竹縣,303,湖口鄉,303,3579,竹縣東光店,新竹縣湖口鄉光復東路１５０號,Y
HL,16,高雄市,828,永安區,828,3586,高縣永新店,高雄市永安區維新路１５５-１號,Y
HL,06,桃園市,324,平鎮區,324,3587,平鎮平圳店,桃園市平鎮區洪圳路３７８-２號,Y
HL,14,台南市,708,安平區,708,3592,台南古堡店,台南市安平區安北路４０５、４０７號,Y
HL,08,台中市,411,太平區,411,3593,太平宜昌店,台中市太平區宜昌路３０２號,Y
HL,01,台北市,108,萬華區,108,3597,北市艋舺店,台北市萬華區雙園街６９號,Y
HL,03,新北市,236,土城區,236,3598,北縣國美店,新北市土城區延吉街３００號及３０２號,Y
HL,03,新北市,241,三重區,241,3601,北縣重富店,新北市三重區光復路一段８５、８５-２號,Y
HL,08,台中市,411,太平區,411,3602,太平光德店,台中市太平區光德路３７９號,Y
HL,03,新北市,243,泰山區,243,3606,北縣泰富店,新北市泰山區明志路二段３２４、３２６號一樓,Y
HL,01,台北市,112,北投區,112,3607,北市北裕店,台北市北投區裕民六路１２０號,Y
HL,01,台北市,100,中正區,100,3611,北市正慶店,台北市中正區衡陽路１０３號,Y
HL,16,高雄市,833,鳥松區,833,3613,高縣神農店,高雄市鳥松區仁美里神農路７２０-１號,Y
HL,10,彰化縣,500,彰化市,500,3617,彰化旭光店,彰化縣彰化市南校街１３５號,Y
HL,06,桃園市,334,八德區,334,3619,八德德萊店,桃園市八德區和平路１４４６號,Y
HL,03,新北市,241,三重區,241,3623,北縣重國店,新北市三重區自強路二段７４巷１號及特７６號,Y
HL,01,台北市,100,中正區,100,3625,北市正童店,台北市中正區中山南路８號B１,Y
HL,03,新北市,241,三重區,241,3627,北縣重集店,新北市三重區重新路四段１７６號,Y
HL,01,台北市,115,南港區,115,3629,北市港南店,台北市南港區舊莊街一段２１２巷２號,Y
HL,01,台北市,112,北投區,112,3630,北市政戰店,台北市北投區中央北路二段７０號,Y
HL,06,桃園市,325,龍潭區,325,3632,桃縣龍萊店,桃園市龍潭區五福街３１、３３號,Y
HL,01,台北市,103,大同區,103,3633,北市延年店,台北市大同區延平北路３段４０號,Y
HL,06,桃園市,335,大溪區,335,3642,桃縣大介店,桃園市大溪區介壽路５６８號,Y
HL,02,基隆市,205,暖暖區,205,3643,基隆隆碇店,基隆市暖暖區源遠路２４３號,Y
HL,06,桃園市,324,平鎮區,324,3645,平鎮平東店,桃園市平鎮區龍安路１４１號,Y
HL,08,台中市,420,豐原區,420,3648,豐原原成店,台中市豐原區建成路１１５號,Y
HL,10,彰化縣,505,鹿港鎮,505,3649,彰縣鹿和店,彰化縣鹿港鎮鹿和路四段２６５號,Y
HL,03,新北市,242,新莊區,242,3652,北縣莊民店,新北市新莊區民樂街８０、８２號一樓,Y
HL,01,台北市,105,松山區,105,3656,北市寶德店,台北市松山區南京東路５段６１號及６３號,Y
HL,03,新北市,238,樹林區,238,3658,北縣樹榮店,新北市樹林區東榮街１２３號及１２５號,Y
HL,16,高雄市,820,岡山區,820,3661,高縣岡仁店,高雄市岡山區筧橋路１號,Y
HL,06,桃園市,330,桃園區,330,3665,桃市森林店,桃園市桃園區林森路２９號,Y
HL,14,台南市,721,麻豆區,721,3669,南縣麻庄店,台南市麻豆區寮部里寮子部１６６之１７號,Y
HL,16,高雄市,830,鳳山區,830,3670,鳳山文鳳店,高雄市鳳山區文化路７１號&６９之６號,Y
HL,16,高雄市,814,仁武區,814,3672,高縣仁忠店,高雄市仁武區仁和村仁忠路８６號、９２號１樓,Y
HL,03,新北市,241,三重區,241,3676,北縣田心店,新北市三重區忠孝路三段５０巷９８號,Y
HL,08,台中市,411,太平區,411,3682,太平永成店,台中市太平區永豐路２５８號,Y
HL,01,台北市,103,大同區,103,3686,北市圓捷店,台北市大同區酒泉街１５號,Y
HL,10,彰化縣,510,員林市,510,3689,彰縣大方店,彰化縣員林市山腳路二段１１號,Y
HL,16,高雄市,830,鳳山區,830,3690,鳳山鳳祥店,高雄市鳳山區自強二路８８號１樓,Y
HL,06,桃園市,333,龜山區,333,3692,桃縣頂湖店,桃園市龜山區頂湖路１號,Y
HL,01,台北市,112,北投區,112,3695,北市立農店,台北市北投區義理街９６號及立農街２段２９２號,Y
HL,26,新竹市,381,東區,300,3699,新竹竹亮店,新竹市東區光復路二段９６２號１樓,Y
HL,08,台中市,407,西屯區,407,3702,台中中宏店,台中市西屯區西屯路三段１５８-５０號,Y
HL,08,台中市,437,大甲區,437,3706,中縣彈正店,台中市大甲區彈正路一號,Y
HL,01,台北市,112,北投區,112,3707,北市奇岩店,台北市北投區中央南路二段５號及７號,Y
HL,10,彰化縣,500,彰化市,500,3709,彰化彰慶店,彰化縣彰化市辭修路５１５號,Y
HL,16,高雄市,833,鳥松區,833,3711,高縣松陽店,高雄市鳥松區本館路２７９號１樓,Y
HL,03,新北市,221,汐止區,221,3719,北縣汐德店,新北市汐止區中興路１５６號,Y
HL,16,高雄市,820,岡山區,820,3725,高縣岡本店,高雄市岡山區本洲路５５-４７號,Y
HL,01,台北市,114,內湖區,114,3735,北市宏普店,台北市內湖區民權東路６段１１７號,Y
HL,04,宜蘭縣,270,蘇澳鎮,270,3738,宜蘭南澳店,宜蘭縣蘇澳鎮蘇花路二段２６８號一樓之部份,Y
HL,05,新竹縣,302,竹北市,302,3739,竹北鳳岡店,新竹縣竹北市中華路１１６５號,Y
HL,03,新北市,241,三重區,241,3741,北縣重樂店,新北市三重區重新路三段２號,Y
HL,01,台北市,115,南港區,115,3748,北市港宏店,台北市南港區研究院路二段１１０號一樓,Y
HL,06,桃園市,333,龜山區,333,3749,桃縣長院店,桃園市龜山區文化一路２６１號(長庚科大 第三教學大樓 １樓),Y
HL,01,台北市,114,內湖區,114,3750,北市湖鑽店,台北市內湖區瑞光路５０２號１樓,Y
HL,03,新北市,251,淡水區,251,3751,北縣真理店,新北市淡水區真理街３２號,Y
HL,13,雲林縣,633,土庫鎮,633,3753,雲縣土庫店,雲林縣土庫鎮復興路９０號,Y
HL,01,台北市,108,萬華區,108,3761,北市鑫梧店,台北市萬華區梧州街５５號,Y
HL,07,苗栗縣,363,公館鄉,363,3762,苗縣新板店,苗栗縣公館鄉五谷村１３鄰五谷９２-１３號,Y
HL,08,台中市,412,大里區,412,3765,大里竹子坑店,台中市大里區仁化路２號,Y
HL,01,台北市,100,中正區,100,3768,北市司法店,台北市中正區博愛路 １３１號B１,Y
HL,03,新北市,248,五股區,248,3770,北縣西雲店,新北市五股區西雲路１３４、１３４之１號一樓,Y
HL,03,新北市,241,三重區,241,3772,北縣富美店,新北市三重區溪尾街１０８巷５８號,Y
HL,03,新北市,236,土城區,236,3779,北縣城府店,新北市土城區學府路一段１３９及１４１號,Y
HL,08,台中市,403,西區,403,3782,台中才益店,台中市西區英才路５１０號,Y
HL,03,新北市,242,新莊區,242,3785,北縣莊榮店,新北市新莊區新莊路３０７、３０９號一樓部份,Y
HL,04,宜蘭縣,265,羅東鎮,265,3786,宜蘭公正店,宜蘭縣羅東鎮公正路３４２號,Y
HL,03,新北市,221,汐止區,221,3788,北縣汐科店,新北市汐止區新台五路一段９４號一樓(東方科學園區),Y
HL,06,桃園市,330,桃園區,330,3790,桃市美旗店,桃園市桃園區建國路２７６號,Y
HL,10,彰化縣,506,福興鄉,506,3792,彰縣沿海店,彰化縣福興鄉沿海路五段２５２-８號,Y
HL,01,台北市,110,信義區,110,3795,北市信長店,台北市信義區莊敬路２９０號,Y
HL,03,新北市,241,三重區,241,3796,北縣進安店,新北市三重區進安街７６號,Y
HL,03,新北市,241,三重區,241,3811,北縣仁安店,新北市三重區仁安街２號,Y
HL,06,桃園市,324,平鎮區,324,3816,平鎮連峰店,桃園市平鎮區民族路雙連二段１１０、１１２號,Y
HL,16,高雄市,804,鼓山區,804,3817,高市學亨店,高雄市鼓山區蓮海路７０號,Y
HL,03,新北市,220,板橋區,220,3818,北縣漢江店,新北市板橋區長江路２段２號一樓,Y
HL,03,新北市,221,汐止區,221,3822,北縣遠科店,新北市汐止區新台五路一段７５號B１,Y
HL,06,桃園市,326,楊梅區,326,3829,楊梅楊科店,桃園市楊梅區梅獅路二段４４７、４４９號,Y
HL,08,台中市,412,大里區,412,3831,大里光正店,台中市大里區仁化路２４３、２４７號,Y
HL,08,台中市,406,北屯區,406,3835,台中大坑口店,台中市北屯區東山路一段３５號,Y
HL,01,台北市,114,內湖區,114,3836,北市湖玉店,台北市內湖區陽光街２９８號一樓部份,Y
HL,07,苗栗縣,360,苗栗市,360,3837,苗栗艾文店,苗栗縣苗栗市國華路７５０號,Y
HL,10,彰化縣,505,鹿港鎮,505,3839,彰縣安可店,彰化縣鹿港鎮鹿工南一路１巷１、３號,Y
HL,03,新北市,241,三重區,241,3840,北縣天龍店,新北市三重區龍門路１７６號,Y
HL,03,新北市,238,樹林區,238,3842,北縣樹玉店,新北市樹林區忠孝街４５號、４７號、４９號,Y
HL,03,新北市,242,新莊區,242,3851,北縣輔園店,新北市新莊區中正路５１０號,Y
HL,03,新北市,220,板橋區,220,3853,北縣板玉店,新北市板橋區互助街４８號及５０號一樓及地下室,Y
HL,06,桃園市,325,龍潭區,325,3855,桃縣高原店,桃園市龍潭區中原路三段５３號,Y
HL,26,新竹市,381,東區,300,3856,新竹埔頂店,新竹市東區埔頂路５８６號,Y
HL,04,宜蘭縣,270,蘇澳鎮,270,3858,宜蘭隘城店,宜蘭縣蘇澳鎮海山西路２７０號,Y
HL,19,屏東縣,946,恆春鎮,946,3868,屏縣恆春店,屏東縣恆春鎮恆南路２９之８號,Y
HL,01,台北市,114,內湖區,114,3870,北市米蘭店,台北市內湖區內湖路一段１２０巷１６號,Y
HL,07,苗栗縣,367,三義鄉,367,3871,苗縣車亭店,苗栗縣三義鄉西湖村下湖５-１０號１F部份,Y
HL,05,新竹縣,303,湖口鄉,303,3872,湖口長嶺店,新竹縣湖口鄉八德路三段２７號,Y
HL,07,苗栗縣,365,泰安鄉,365,3873,苗縣泰安店,苗栗縣泰安鄉錦水村４鄰圓墩７-５號,Y
HL,16,高雄市,815,大社區,815,3875,大社鑫龍店,高雄市大社區金龍路１２０號一樓,Y
HL,03,新北市,241,三重區,241,3877,三重協成店,新北市三重區溪尾街３１４、３１６、３１８號,Y
HL,03,新北市,244,林口區,244,3878,林口清梅店,新北市林口區湖北里湖子４８號之１壹樓部份,Y
HL,06,桃園市,338,蘆竹區,338,3880,桃縣富竹店,桃園市蘆竹區富國路二段２號,Y
HL,06,桃園市,338,蘆竹區,338,3881,蘆竹蘆東店,桃園市蘆竹區長興路二段２２號,Y
HL,06,桃園市,327,新屋區,327,3882,新屋東明店,桃園市新屋區中興路３１７號,Y
HL,08,台中市,411,太平區,411,3888,太平永平店,台中市太平區永平路三段１４６、１４８號,Y
HL,03,新北市,247,蘆洲區,247,3892,蘆洲光榮店,新北市蘆洲區光榮路６８、７０號,Y
HL,06,桃園市,326,楊梅區,326,3895,楊梅高獅店,桃園市楊梅區高獅路８９９號,Y
HL,08,台中市,402,南區,402,3897,台中正氣店,台中市南區忠孝路１６６號,Y
HL,01,台北市,114,內湖區,114,3898,北市鑫湖店,台北市內湖區基湖路３５巷１１號,Y
HL,01,台北市,104,中山區,104,3899,北市永捷店,台北市中山區松江路２７號,Y
HL,08,台中市,412,大里區,412,3901,大里吉祥店,台中市大里區成功二路５７、５９號,Y
HL,01,台北市,108,萬華區,108,3908,北市萬鑫店,台北市萬華區西園路二段１３４、１３６、１３８號,Y
HL,07,苗栗縣,365,泰安鄉,365,3909,泰安清安店,苗栗縣泰安鄉清安村１鄰洗水坑３-１號,Y
HL,05,新竹縣,305,新埔鎮,305,3910,新埔新田店,新竹縣新埔鎮田新路４０８號,Y
HL,06,桃園市,324,平鎮區,324,3911,平鎮新貴店,桃園市平鎮區中豐路６８７號,Y
HL,08,台中市,414,烏日區,414,3912,烏日成中店,台中市烏日區中山路三段５４８號,Y
HL,03,新北市,235,中和區,235,3913,中和和玉店,新北市中和區員山路８６號及８８號,Y
HL,03,新北市,251,淡水區,251,3914,淡水帆船店,新北市淡水區觀海路９１號(藝術大街區W１F２２),Y
HL,06,桃園市,320,中壢區,320,3917,中壢國道店,桃園市中壢區內定二街９９８之３號,Y
HL,03,新北市,236,土城區,236,3920,土城城隆店,新北市土城區延和路６６號及６８號,Y
HL,03,新北市,248,五股區,248,3921,五股福鑫店,新北市五股區五福路８、１０號,Y
HL,05,新竹縣,310,竹東鎮,310,3923,竹東上坪店,新竹縣竹東鎮上坪里４鄰上坪４５之７號,Y
HL,16,高雄市,800,新興區,800,3924,高市六合店,高雄市新興區六合二路５９號,Y
HL,06,桃園市,333,龜山區,333,3926,龜山長學店,桃園市龜山區文化一路２５９號(長庚大學 管理大樓 １樓),Y
HL,08,台中市,414,烏日區,414,3927,烏日溪南店,台中市烏日區溪南路一段２２８、２３０號,Y
HL,08,台中市,400,中區,400,3928,台中干城店,台中市中區雙十路一段２７-１、２７-２、２７-３號,Y
HL,03,新北市,247,蘆洲區,247,3929,蘆洲蘆鑫店,新北市蘆洲區中山一路２９３/２９３-１號,Y
HL,26,新竹市,383,香山區,300,3931,新竹月光店,新竹市香山區富群街１９、２１號,Y
HL,16,高雄市,830,鳳山區,830,3932,鳳山文衡店,高雄市鳳山區文衡路２４８號壹樓,Y
HL,05,新竹縣,303,湖口鄉,303,3933,湖口長安店,新竹縣湖口鄉八德路三段２號+長安路１、３號,Y
HL,01,台北市,100,中正區,100,3934,北市正寶店,台北市中正區寶慶路３５號,Y
HL,01,台北市,100,中正區,100,3936,北市台大店,台北市中正區常德街１號B１,Y
HL,03,新北市,242,新莊區,242,3938,新莊鑫鴻店,新北市新莊區化成路１３、１７號,Y
HL,06,桃園市,335,大溪區,335,3943,大溪桂林店,桃園市大溪區中華路９６號,Y
HL,01,台北市,115,南港區,115,3947,北市港鑫店,台北市南港區南港路一段３１３號地下二樓商場,Y
HL,06,桃園市,326,楊梅區,326,3949,楊梅青山店,桃園市楊梅區青山六街３號,Y
HL,16,高雄市,813,左營區,813,3950,高市海總店,高雄市左營區軍校路５５３號(國軍左營總醫院１樓大廳),Y
HL,01,台北市,116,文山區,116,3951,北市貓空店,台北市文山區指南路三段３８巷３５號,Y
HL,03,新北市,248,五股區,248,3953,五股郁芳店,新北市五股區成泰路三段１７５號,Y
HL,03,新北市,220,板橋區,220,3955,板橋海龍店,新北市板橋區新海路３９３、３９５號,Y
HL,03,新北市,241,三重區,241,3957,三重福仁店,新北市三重區永福街９７號及９９號,Y
HL,01,台北市,114,內湖區,114,3958,北市湖泰店,台北市內湖區安泰街２６、２８號,Y
HL,07,苗栗縣,360,苗栗市,360,3959,苗栗為中店,苗栗縣苗栗市為公路４４、４６號,Y
HL,08,台中市,406,北屯區,406,3960,台中鑫中臺店,台中市北屯區部子路６６６號,Y
HL,03,新北市,220,板橋區,220,3962,板橋民仁店,新北市板橋區仁化街１８６號,Y
HL,26,新竹市,381,東區,300,3963,新竹竹青店,新竹市東區明湖路１０１０號,Y
HL,08,台中市,402,南區,402,3964,台中衛斯理店,台中市南區五權南一路５２號,Y
HL,03,新北市,220,板橋區,220,3965,板橋民治店,新北市板橋區民治街５７巷２號、５９號,Y
HL,01,台北市,116,文山區,116,3966,北市政學店,台北市文山區指南路二段６４號(自強十舍),Y
HL,06,桃園市,320,中壢區,320,3967,中壢壢工店,桃園市中壢區吉林路１３２號,Y
HL,03,新北市,234,永和區,234,3968,永和永寧店,新北市永和區永貞路１５８號及１６０號,Y
HL,01,台北市,112,北投區,112,3969,北市北清店,台北市北投區清江路５３及５５號,Y
HL,08,台中市,402,南區,402,3970,台中建興店,台中市南區復興路二段１７５-１、１７５-２號,Y
HL,16,高雄市,825,橋頭區,825,3972,橋頭仕豐店,高雄市橋頭區仕豐路１１１之７號,Y
HL,03,新北市,231,新店區,231,3973,新店天廈店,新北市新店區安民街３３６號及安和路二段２０５巷６號,Y
HL,08,台中市,429,神岡區,429,3975,神岡庄前店,台中市神岡區三民南路２號,Y
HL,16,高雄市,806,前鎮區,806,3976,高市福鑽店,高雄市前鎮區金福路９５&９７號,Y
HL,03,新北市,220,板橋區,220,3977,板橋玉川店,新北市板橋區四川路一段４８３一樓、４８５號一、二、三樓,Y
HL,06,桃園市,330,桃園區,330,3978,桃市安慶店,桃園市桃園區安慶街１２９、１３１號,Y
HL,01,台北市,106,大安區,106,3979,北市安興店,台北市大安區復興南路２段１４８號,Y
HL,06,桃園市,328,觀音區,328,3981,觀音觀海店,桃園市觀音區成功路一段６４７號,Y
HL,03,新北市,241,三重區,241,3983,三重星光店,新北市三重區中正北路２５巷５號及７號,Y
HL,10,彰化縣,508,和美鎮,508,3986,和美星河店,彰化縣和美鎮彰新路五段４５５號,Y
HL,08,台中市,420,豐原區,420,3987,豐原豐田店,台中市豐原區豐南街５８號,Y
HL,16,高雄市,824,燕巢區,824,3988,燕巢援巢店,高雄市燕巢區中興北路１６號,Y
HL,16,高雄市,843,美濃區,843,3989,美濃城門店,高雄市美濃區合和里成功路２１８號,Y
HL,27,嘉義市,671,東區,600,3990,嘉義啟園店,嘉義市東區啟明路２８３號,Y
HL,16,高雄市,831,大寮區,831,3992,大寮鑫鳳林店,高雄市大寮區鳳林三路９７&９９&１０１號,Y
HL,03,新北市,236,土城區,236,3993,土城學成店,新北市土城區學成路８０號及８２號,Y
HL,01,台北市,115,南港區,115,3995,北市港運店,台北市南港區玉成街５２巷２弄３號、５號１樓,Y
HL,06,桃園市,326,楊梅區,326,3996,楊梅新梅店,桃園市楊梅區梅高路２６號,Y
HL,06,桃園市,337,大園區,337,3997,大園航運店,桃園市大園區大觀路９９７號,Y
HL,05,新竹縣,302,竹北市,302,3998,竹北綠能店,新竹縣竹北市莊敬北路４２７號,Y
HL,03,新北市,242,新莊區,242,3999,新莊福祐店,新北市新莊區福壽街１８８、１９０號,Y
HL,08,台中市,406,北屯區,406,4002,台中同興店,台中市北屯區同榮路６８號,Y
HL,16,高雄市,831,大寮區,831,4003,大寮正順店,高雄市大寮區中正路２２號,Y
HL,03,新北市,242,新莊區,242,4005,新莊雙鳳店,新北市新莊區雙鳳路５３號一樓,Y
HL,05,新竹縣,307,芎林鄉,307,4006,芎林富山店,新竹縣芎林鄉文山路１３７、１３９、１４１號,Y
HL,06,桃園市,333,龜山區,333,4007,龜山長庚店,桃園市龜山區復興街５號,Y
HL,03,新北市,235,中和區,235,4008,中和力德店,新北市中和區立德街２６巷１號及２８號,Y
HL,03,新北市,231,新店區,231,4013,新店名揚店,新北市新店區新和街７７號及７９號,Y
HL,06,桃園市,324,平鎮區,324,4015,平鎮平德店,桃園市平鎮區南平路二段５２６號,Y
HL,06,桃園市,325,龍潭區,325,4016,龍潭聖亭店,桃園市龍潭區聖亭路１２２、１２４號,Y
HL,07,苗栗縣,367,三義鄉,367,4018,三義雙湖店,苗栗縣三義鄉雙湖村１５鄰雙湖１１-８號,Y
HL,03,新北市,234,永和區,234,4019,永和永霖店,新北市永和區竹林路６５號,Y
HL,03,新北市,235,中和區,235,4020,中和連勝店,新北市中和區新生街２２５號及２２７號,Y
HL,16,高雄市,814,仁武區,814,4021,仁武新德店,高雄市仁武區八德中路１８０號１ 樓,Y
HL,16,高雄市,806,前鎮區,806,4022,高市鎮港店,高雄市前鎮區新生路１３５-２、３、４號及漁港北一路１、３號,Y
HL,03,新北市,242,新莊區,242,4025,新莊祐信店,新北市新莊區中信街２０號、２２號一樓部份,Y
HL,03,新北市,247,蘆洲區,247,4026,蘆洲民祐店,新北市蘆洲區中正路３１４號、三民路４９９號,Y
HL,03,新北市,241,三重區,241,4029,三重龍濱店,新北市三重區龍濱路２１號及２３號,Y
HL,19,屏東縣,944,車城鄉,944,4031,車城福興店,屏東縣車城鄉福興村中山路１５號  ,Y
HL,14,台南市,702,南區,702,4032,台南翔新店,台南市南區中華南路二段２９８、２９６、２９４號１樓,Y
HL,06,桃園市,333,龜山區,333,4035,龜山南上店,桃園市龜山區南上路２８４號,Y
HL,03,新北市,247,蘆洲區,247,4036,蘆洲祐誠店,新北市蘆洲區永樂街３８巷３２、３４號,Y
HL,16,高雄市,832,林園區,832,4037,林園建佑店,高雄市林園區東林西路３５６號,Y
HL,05,新竹縣,310,竹東鎮,310,4042,竹東巨星店,新竹縣竹東鎮中興路二段４２６、４２６-１、４２６-２、４２６-３號,Y
HL,07,苗栗縣,351,頭份市,351,4043,頭份精品店,苗栗縣頭份市自強路１０８號,Y
HL,03,新北市,220,板橋區,220,4046,板橋福康店,新北市板橋區僑中一街１２４巷１１弄１、３號,Y
HL,06,桃園市,328,觀音區,328,4047,觀音觀愛店,桃園市觀音區中山路二段１３６２號,Y
HL,16,高雄市,831,大寮區,831,4049,大寮華明店,高雄市大寮區光明路二段１-１號一樓,Y
HL,14,台南市,722,佳里區,722,4050,佳里奇佳店,台南市佳里區六安里六安１１７之４６號,Y
HL,16,高雄市,804,鼓山區,804,4051,高市濱海店,高雄市鼓山區濱海一路１０９號,Y
HL,13,雲林縣,640,斗六市,640,4052,斗六鑫雲霸店,雲林縣斗六市仁義路１４６號,Y
HL,01,台北市,114,內湖區,114,4053,北市亞緹店,台北市內湖區江南街１１１號,Y
HL,01,台北市,104,中山區,104,4055,北市長松店,台北市中山區松江路５０號,Y
HL,03,新北市,244,林口區,244,4057,林口香澄店,新北市林口區文化三路一段６１３、６１５號,Y
HL,06,桃園市,330,桃園區,330,4058,桃市民光店,桃園市桃園區大有路１７５、１７９號,Y
HL,26,新竹市,383,香山區,300,4059,新竹美森店,新竹市香山區大庄里１７鄰香北一路１１０、１１６號,Y
HL,16,高雄市,821,路竹區,821,4062,路竹社東店,高雄市路竹區復興路３１９號,Y
HL,26,新竹市,382,北區,300,4065,新竹羽成店,新竹市北區成德路８９、９１號,Y
HL,16,高雄市,802,苓雅區,802,4067,高市英祥店,高雄市苓雅區英祥街１７號,Y
HL,07,苗栗縣,356,後龍鎮,356,4069,後龍德醫店,苗栗縣後龍鎮溪洲里７鄰砂崙湖７９之９號,Y
HL,05,新竹縣,302,竹北市,302,4072,竹北皇家店,新竹縣竹北市莊敬三路１１７號,Y
HL,06,桃園市,320,中壢區,320,4073,中壢合定店,桃園市中壢區合定路１１號,Y
HL,06,桃園市,325,龍潭區,325,4075,龍潭大池店,桃園市龍潭區神龍路２３４、２３６號,Y
HL,27,嘉義市,671,東區,600,4076,嘉義國興店,嘉義市東區興業東路１６０號,Y
HL,05,新竹縣,303,湖口鄉,303,4079,湖口鳳凰店,新竹縣湖口鄉仁和路１１１、１１３號,Y
HL,03,新北市,251,淡水區,251,4081,淡水天元店,新北市淡水區北新路二段１４８、１５０號１樓部份,Y
HL,01,台北市,108,萬華區,108,4082,北市華德店,台北市萬華區德昌街２４１、２４３、２４５號,Y
HL,03,新北市,241,三重區,241,4083,三重重宜店,新北市三重區中央南路７４號,Y
HL,03,新北市,241,三重區,241,4084,三重美集店,新北市三重區環河南路２２１巷１４號及１６號,Y
HL,16,高雄市,807,三民區,807,4085,高市鼎力店,高雄市三民區鼎力路１００號,Y
HL,16,高雄市,811,楠梓區,811,4086,高市盛昌店,高雄市楠梓區三山街６１之７號,Y
HL,26,新竹市,381,東區,300,4087,新竹東美店,新竹市東區東美路１６８號,Y
HL,07,苗栗縣,351,頭份市,351,4090,頭份斗煥店,苗栗縣頭份市中正二路１９２號,Y
HL,01,台北市,115,南港區,115,4092,北市港玉店,台北市南港區南港路三段８、１０號,Y
HL,03,新北市,251,淡水區,251,4093,淡水新市店,新北市淡水區新市一路一段１０４巷６號１樓,Y
HL,01,台北市,100,中正區,100,4096,北市正忠店,台北市中正區梅花里８鄰忠孝東路一段３５號,Y
HL,01,台北市,114,內湖區,114,4097,北市金碧店,台北市內湖區金龍路６４、６６號,Y
HL,03,新北市,241,三重區,241,4098,三重美慈店,新北市三重區仁美街９６巷１號,Y
HL,03,新北市,241,三重區,241,4101,三重美華店,新北市三重區溪尾街２９３號及２９５號,Y
HL,01,台北市,114,內湖區,114,4103,北市國防店,台北市內湖區民權東路六段１６１號,Y
HL,16,高雄市,846,杉林區,846,4107,杉林大愛店,高雄市杉林區大愛路１號,Y
HL,01,台北市,111,士林區,111,4108,北市天福店,台北市士林區中山北路六段４３１之４號１樓,Y
HL,14,台南市,701,東區,701,4109,台南東環店,台南市東區大同路一段５９號,Y
HL,06,桃園市,324,平鎮區,324,4113,平鎮復梅店,桃園市平鎮區復旦路二段２０６號,Y
HL,19,屏東縣,900,屏東市,900,4115,屏東建欣店,屏東縣屏東市建國路１１３之２號,Y
HL,05,新竹縣,302,竹北市,302,4120,竹北水岸店,新竹縣竹北市興隆路三段３５７號,Y
HL,16,高雄市,802,苓雅區,802,4121,高市正民店,高雄市苓雅區正言路１１、１３號,Y
HL,06,桃園市,330,桃園區,330,4122,桃市綠園店,桃園市桃園區長春路３７、３９號,Y
HL,26,新竹市,381,東區,300,4123,新竹凱旋店,新竹市東區振興路７９、８１號,Y
HL,01,台北市,112,北投區,112,4124,北市紗帽店,台北市北投區行義路１４２-１及１４２-３號B１,Y
HL,03,新北市,247,蘆洲區,247,4125,蘆洲長樂店,新北市蘆洲區長樂路２２號,Y
HL,03,新北市,220,板橋區,220,4126,板橋文聖店,新北市板橋區大同街２９號及３１號,Y
HL,16,高雄市,820,岡山區,820,4127,岡山仁貴店,高雄市岡山區嘉新東路７９之５號,Y
HL,03,新北市,238,樹林區,238,4129,樹林樹園店,新北市樹林區柑園街一段１９０號,Y
HL,14,台南市,720,官田區,720,4130,官田建業店,台南市官田區二鎮里工業路２１號,Y
HL,07,苗栗縣,360,苗栗市,360,4132,苗栗新苗店,苗栗縣苗栗市中正路８０７號,Y
HL,05,新竹縣,304,新豐鄉,304,4133,新豐叮噹店,新竹縣新豐鄉康樂路一段３９９號,Y
HL,03,新北市,241,三重區,241,4134,三重重南店,新北市三重區大同南路１４８號１樓,Y
HL,05,新竹縣,302,竹北市,302,4138,竹北水妍店,新竹縣竹北市莊敬南路６３號,Y
HL,06,桃園市,330,桃園區,330,4141,桃市祥儀店,桃園市桃園區桃鶯路４５７、４５９號,Y
HL,26,新竹市,382,北區,300,4142,新竹金竹店,新竹市北區金竹路１２１號,Y
HL,06,桃園市,330,桃園區,330,4143,桃市有寶店,桃園市桃園區大有路４９１號,Y
HL,03,新北市,242,新莊區,242,4144,新莊頭前店,新北市新莊區化成路４１４號及４１６號,Y
HL,03,新北市,220,板橋區,220,4145,板橋僑興店,新北市板橋區僑中二街１０４巷１、３號一樓部份,Y
HL,16,高雄市,807,三民區,807,4151,高市鼎金店,高雄市三民區鼎中路１３９號,Y
HL,08,台中市,407,西屯區,407,4152,台中僑光店,台中市西屯區僑光路１００號B１(僑光科大),Y
HL,03,新北市,251,淡水區,251,4153,淡水莊園店,新北市淡水區濱海路一段２２１號(金湯川溫泉汽旅區會館區一樓),Y
HL,03,新北市,244,林口區,244,4154,林口麗園店,新北市林口區文化一路一段５２號１樓部份,Y
HL,03,新北市,241,三重區,241,4155,三重重賓店,新北市三重區中正北路４１５號及４１７號,Y
HL,05,新竹縣,302,竹北市,302,4157,竹北新鳳店,新竹縣竹北市鳳岡路三段２５６、２５８號,Y
HL,01,台北市,114,內湖區,114,4158,北市新明店,台北市內湖區新明路２４１、２４１-１號,Y
HL,01,台北市,108,萬華區,108,4159,北市班客店,台北市萬華區廣州街２４７號,Y
HL,01,台北市,114,內湖區,114,4160,北市湖元店,台北市內湖區新湖三路３６號１樓,Y
HL,01,台北市,114,內湖區,114,4161,北市湖月店,台北市內湖區大湖山莊街１７９號１樓,Y
HL,03,新北市,238,樹林區,238,4162,樹林保安店,新北市樹林區保安街二段２９３-１號及２９３號壹樓,Y
HL,03,新北市,242,新莊區,242,4163,新莊中泉店,新北市新莊區中誠街１６１號及１６３號,Y
HL,16,高雄市,813,左營區,813,4165,高市合群店,高雄市左營區緯六路２５０、２５２號,Y
HL,08,台中市,421,后里區,421,4166,后里甲后店,台中市后里區甲后路１０３７號、１０４１號壹樓部份,Y
HL,03,新北市,220,板橋區,220,4167,板橋松翠店,新北市板橋區松江街５２、５４號１樓,Y
HL,16,高雄市,831,大寮區,831,4169,大寮潮龍店,高雄市大寮區華中南路１５３號,Y
HL,16,高雄市,814,仁武區,814,4170,仁武正和店,高雄市仁武區中正路９３號及隔壁９３號左棟右棟建物,Y
HL,16,高雄市,831,大寮區,831,4173,大寮江山店,高雄市大寮區鳳屏二路８４、８６、８８號,Y
HL,16,高雄市,830,鳳山區,830,4174,鳳山鳳頂店,高雄市鳳山區高鳳一路７０號,Y
HL,05,新竹縣,302,竹北市,302,4175,竹北裕新店,新竹縣竹北市中山路４１５號,Y
HL,14,台南市,710,永康區,710,4176,永康榮醫店,台南市永康區復興里５鄰復興路４０５號,Y
HL,01,台北市,106,大安區,106,4177,北市居安店,台北市大安區安居街１５號,Y
HL,10,彰化縣,500,彰化市,500,4178,彰化延和店,彰化縣彰化市延和里１８鄰大埔路２５１號,Y
HL,03,新北市,241,三重區,241,4184,三重今大店,新北市三重區大仁街５２號,Y
HL,27,嘉義市,671,東區,600,4185,嘉義嘉體店,嘉義市東區體育路７９號,Y
HL,06,桃園市,324,平鎮區,324,4186,平鎮湧豐店,桃園市平鎮區南豐路１０４、１０６號,Y
HL,06,桃園市,320,中壢區,320,4187,中壢翔嘉店,桃園市中壢區龍岡路二段３２６號,Y
HL,03,新北市,239,鶯歌區,239,4188,鶯歌鳳鳴店,新北市鶯歌區鶯桃路５４７號及５４９號,Y
HL,03,新北市,241,三重區,241,4191,三重溪美店,新北市三重區仁愛街３３１號,Y
HL,10,彰化縣,503,花壇鄉,503,4192,花壇彰員店,彰化縣花壇鄉彰員路二段８１號,Y
HL,03,新北市,242,新莊區,242,4194,新莊美福店,新北市新莊區福美街９８號及福德二街５７號,Y
HL,16,高雄市,811,楠梓區,811,4195,高市藍田店,高雄市楠梓區藍田路９４８號,Y
HL,03,新北市,241,三重區,241,4196,三重慈化店,新北市三重區仁愛街３８２號及慈愛街２０１號、２０３號,Y
HL,06,桃園市,333,龜山區,333,4197,龜山崇優店,桃園市龜山區民生北路一段１２８、１３０、１３２號,Y
HL,01,台北市,100,中正區,100,4199,北市古亭店,台北市中正區辛亥路一段１７巷２號及１９號,Y
HL,06,桃園市,320,中壢區,320,4201,中壢聖德店,桃園市中壢區新生路二段３２４、３２６、３２８號,Y
HL,05,新竹縣,303,湖口鄉,303,4202,湖口德旺店,新竹縣湖口鄉德興路２９７號,Y
HL,03,新北市,237,三峽區,237,4203,三峽正圓店,新北市三峽區中園街２３７號,Y
HL,06,桃園市,326,楊梅區,326,4205,楊梅青新店,桃園市楊梅區青年路二段２０４巷１、３號,Y
HL,08,台中市,420,豐原區,420,4207,豐原三和店,台中市豐原區三和路３４９巷２號,Y
HL,03,新北市,242,新莊區,242,4208,新莊瓊泰店,新北市新莊區瓊泰路５９號及６１號,Y
HL,03,新北市,241,三重區,241,4210,三重福華店,新北市三重區五華街７０號,Y
HL,01,台北市,114,內湖區,114,4211,北市湖康店,台北市內湖區文湖街２１巷２６、２８號１樓,Y
HL,16,高雄市,812,小港區,812,4212,高市港院店,高雄市小港區山明路４８２號,Y
HL,01,台北市,106,大安區,106,4217,北市羅捷店,台北市大安區羅斯福路三段２９７號一樓,Y
HL,03,新北市,247,蘆洲區,247,4218,蘆洲得勝店,新北市蘆洲區得勝街１０８號一樓,Y
HL,04,宜蘭縣,261,頭城鎮,261,4223,頭城烏石店,宜蘭縣頭城鎮青雲路三段５４７號一樓(B１)及二樓(１F),Y
HL,05,新竹縣,304,新豐鄉,304,4225,新豐明科店,新竹縣新豐鄉新興路１號,Y
HL,01,台北市,108,萬華區,108,4226,北市民和店,台北市萬華區民和街１０及１２號,Y
HL,01,台北市,100,中正區,100,4227,北市秋葉原店,台北市中正區八德路一段８２巷１０號,Y
HL,03,新北市,242,新莊區,242,4228,新莊鼎豐店,新北市新莊區頭前路１２５、１２７號,Y
HL,01,台北市,100,中正區,100,4229,北市凱撒店,台北市中正區南陽街１號,Y
HL,16,高雄市,840,大樹區,840,4231,大樹義大店,高雄市大樹區學城路一段１３１號,Y
HL,01,台北市,103,大同區,103,4232,北市同承店,台北市大同區承德路三段２８４及２８６號,Y
HL,06,桃園市,334,八德區,334,4233,八德和映店,桃園市八德區和平路１０４６號,Y
HL,16,高雄市,807,三民區,807,4235,高市大港店,高雄市三民區建國二路２１０、２１２、２１４號１樓,Y
HL,06,桃園市,330,桃園區,330,4236,桃市漢中店,桃園市桃園區漢中路１２３號,Y
HL,03,新北市,242,新莊區,242,4237,新莊品莊店,新北市新莊區中原東路９１號１樓,Y
HL,12,嘉義縣,621,民雄鄉,621,4238,民雄北勢子店,嘉義縣民雄鄉北斗村北勢子１-１０１號,Y
HL,05,新竹縣,308,寶山鄉,308,4239,寶山寶鑫店,新竹縣寶山鄉園區二路３７８號,Y
HL,14,台南市,708,安平區,708,4240,台南康平店,台南市安平區健康三街１８８之１號,Y
HL,03,新北市,241,三重區,241,4241,三重興義店,新北市三重區仁義街１２號壹樓部份及仁興街３９巷３７號壹樓部份,Y
HL,03,新北市,249,八里區,249,4243,八里聖心店,新北市八里區龍米路二段５７、５９號,Y
HL,16,高雄市,831,大寮區,831,4245,大寮新林店,高雄市大寮區新厝路１號,Y
HL,08,台中市,407,西屯區,407,4247,台中永讚店,台中市西屯區大墩２０街５３、５５號,Y
HL,01,台北市,108,萬華區,108,4249,北市華園店,台北市萬華區西園路一段１６８、１７０號,Y
HL,16,高雄市,814,仁武區,814,4250,仁武鳳成店,高雄市仁武區考潭里鳳仁路４-６號,Y
HL,02,基隆市,200,仁愛區,200,4251,基隆東岸店,基隆市仁愛區愛三路１３０號,Y
HL,16,高雄市,807,三民區,807,4252,高市文藻店,高雄市三民區民族一路９００號(行政大樓B１福利社),Y
HL,16,高雄市,830,鳳山區,830,4253,鳳山工協店,高雄市鳳山區工協街２６、２８號,Y
HL,03,新北市,238,樹林區,238,4255,樹林慶園店,新北市樹林區柑園街二段２７８號、２８０號,Y
HL,03,新北市,242,新莊區,242,4256,新莊文園店,新北市新莊區中正路５１０號,Y
HL,06,桃園市,326,楊梅區,326,4257,楊梅高欣店,桃園市楊梅區高上路一段６３９號,Y
HL,03,新北市,249,八里區,249,4259,八里水灣店,新北市八里區中山路１段１２５、１２７號１樓,Y
HL,03,新北市,241,三重區,241,4260,三重重高店,新北市三重區集美街２１１、２１３號,Y
HL,03,新北市,244,林口區,244,4262,林口鑫醒中店,新北市林口區粉寮路一段７５巷８０號(醒吾中學販賣部),Y
HL,06,桃園市,326,楊梅區,326,4263,楊梅高嶺店,桃園市楊梅區民族路五段１４１、１４３、１４５號,Y
HL,01,台北市,115,南港區,115,4265,北市經貿店,台北市南港區經貿二路２３５巷３６號１樓,Y
HL,19,屏東縣,900,屏東市,900,4267,屏東崇朝店,屏東縣屏東市崇朝一路１６０號,Y
HL,04,宜蘭縣,262,礁溪鄉,262,4268,宜蘭礁溪店,宜蘭縣礁溪鄉礁溪路六段１７號,Y
HL,14,台南市,721,麻豆區,721,4269,麻豆麻口店,台南市麻豆區麻口里１鄰麻豆口１之３９號,Y
HL,10,彰化縣,510,員林市,510,4271,員林山腳店,彰化縣員林市山腳路一段３４、３６、３８號,Y
HL,06,桃園市,338,蘆竹區,338,4272,蘆竹藍星店,桃園市蘆竹區南福街１６２、１６４號,Y
HL,02,基隆市,206,七堵區,206,4273,基隆七堵店,基隆市七堵區實踐路１８２號１樓,Y
HL,16,高雄市,802,苓雅區,802,4274,高市軍醫三店,高雄市苓雅區中正一路２號(軍陣大樓),Y
HL,06,桃園市,334,八德區,334,4275,八德大和店,桃園市八德區和平路９８５號,Y
HL,05,新竹縣,310,竹東鎮,310,4276,竹東榮昇店,新竹縣竹東鎮東榮路１０５號,Y
HL,16,高雄市,831,大寮區,831,4277,大寮興會結店,高雄市大寮區華中南路１０６６號,Y
HL,19,屏東縣,900,屏東市,900,4278,屏東豐光店,屏東縣屏東市瑞光路二段２１２號,Y
HL,03,新北市,236,土城區,236,4279,土城城央店,新北市土城區中央路一段２６３號,Y
HL,14,台南市,727,北門區,727,4281,北門鹽福店,台南市北門區永隆里北門１號,Y
HL,03,新北市,244,林口區,244,4282,林口建林店,新北市林口區文化北路一段２５８號一樓,Y
HL,14,台南市,710,永康區,710,4283,永康鹽行店,台南市永康區中正路９６８號,Y
HL,03,新北市,238,樹林區,238,4284,樹林樹工店,新北市樹林區保安街二段３３+３５號,Y
HL,06,桃園市,326,楊梅區,326,4285,楊梅映湖店,桃園市楊梅區楊湖路三段６０７號,Y
HL,08,台中市,420,豐原區,420,4288,豐原成興店,台中市豐原區成功路１５０-１、１５２號,Y
HL,06,桃園市,338,蘆竹區,338,4289,蘆竹順興店,桃園市蘆竹區中興路１１８號,Y
HL,05,新竹縣,302,竹北市,302,4291,竹北科儀店,新竹縣竹北市博愛街７０８號,Y
HL,26,新竹市,382,北區,300,4292,新竹花漾店,新竹市北區崧嶺路１４、１６、１８號,Y
HL,14,台南市,717,仁德區,717,4294,仁德二仁店,台南市仁德區二仁路一段９９號(含停車空間),Y
HL,16,高雄市,814,仁武區,814,4296,仁武澄湖店,高雄市仁武區八德東路５８５號 ,Y
HL,03,新北市,251,淡水區,251,4298,淡水後洲店,新北市淡水區後洲路一段５０號、５０之１號１樓,Y
HL,11,南投縣,545,埔里鎮,545,4299,埔里愛埔店,南投縣埔里鎮南村里中山路四段１７６-１號,Y
HL,06,桃園市,326,楊梅區,326,4301,楊梅上和店,桃園市楊梅區和平路１、３號,Y
HL,05,新竹縣,303,湖口鄉,303,4304,湖口德成店,新竹縣湖口鄉中山路一段５０６號,Y
HL,26,新竹市,381,東區,300,4305,新竹虹鑫店,新竹市東區關東路１２５號,Y
HL,06,桃園市,327,新屋區,327,4306,新屋水嶺店,桃園市新屋區新榮路８８號,Y
HL,01,台北市,100,中正區,100,4307,北市三創店,台北市中正區八德路一段４６號１樓,Y
HL,03,新北市,223,石碇區,223,4308,石碇華梵店,新北市石碇區華梵路１號,Y
HL,08,台中市,407,西屯區,407,4309,台中路思義店,台中市西屯區台灣大道四段１７２７號,Y
HL,06,桃園市,333,龜山區,333,4311,龜山文邑店,桃園市龜山區復興一路１０２號,Y
HL,03,新北市,241,三重區,241,4312,三重文化店,新北市三重區文化北路１１６號一樓,Y
HL,01,台北市,112,北投區,112,4313,北市地熱谷店,台北市北投區中山路２８之５、２８之６號地下二層,Y
HL,16,高雄市,807,三民區,807,4314,高市元隆店,高雄市三民區建元路６２號,Y
HL,03,新北市,248,五股區,248,4316,五股工商店,新北市五股區成泰路二段９１巷９號１樓部份,Y
HL,26,新竹市,381,東區,300,4317,新竹交大店,新竹市東區大學路１００１號,Y
HL,08,台中市,404,北區,404,4318,台中永太店,台中市北區太原路二段２４０號,Y
HL,01,台北市,112,北投區,112,4320,北市護大店,台北市北投區明德路３６５號,Y
HL,01,台北市,100,中正區,100,4321,北市高院店,台北市中正區博愛路１２７號,Y
HL,06,桃園市,320,中壢區,320,4322,中壢愛琴店,桃園市中壢區忠孝路３２０、３３２號及成章二街４７６號,Y
HL,03,新北市,244,林口區,244,4326,林口建安店,新北市林口區忠孝路１號１樓,Y
HL,03,新北市,238,樹林區,238,4327,樹林佳園店,新北市樹林區佳園路三段１０１巷８０弄３號,Y
HL,03,新北市,247,蘆洲區,247,4328,蘆洲民華店,新北市蘆洲區民族路３６４、３６６號,Y
HL,06,桃園市,328,觀音區,328,4329,觀音青荷店,桃園市觀音區新華路二段５６０號,Y
HL,14,台南市,709,安南區,709,4331,台南安工店,台南市安南區科技公園大道１５號,Y
HL,10,彰化縣,511,社頭鄉,511,4332,社頭清水岩店,彰化縣社頭鄉山腳路一段４５６號,Y
HL,04,宜蘭縣,268,五結鄉,268,4333,五結新洋店,宜蘭縣五結鄉中興路三段３６４、３６６、３６８號１樓,Y
HL,19,屏東縣,920,潮州鎮,920,4335,潮州永春店,屏東縣潮州鎮大同路７５號,Y
HL,08,台中市,427,潭子區,427,4337,潭子曇晨店,台中市潭子區甘蔗里勝利路２０９號,Y
HL,03,新北市,241,三重區,241,4340,三重德福店,新北市三重區福德南路２９號,Y
HL,03,新北市,242,新莊區,242,4341,新莊莊美店,新北市新莊區中誠街５５號１樓、５３巷２號１樓,Y
HL,06,桃園市,338,蘆竹區,338,4342,蘆竹錦溪店,桃園市蘆竹區南崁路二段６６之２號,Y
HL,26,新竹市,381,東區,300,4343,新竹文旅店,新竹市東區大學路１６號,Y
HL,13,雲林縣,638,麥寮鄉,638,4345,麥寮麥田店,雲林縣麥寮鄉麥津村１７鄰中山路４１２號１樓部份,Y
HL,06,桃園市,337,大園區,337,4346,大園五青店,桃園市大園區五青路７６號,Y
HL,03,新北市,224,瑞芳區,224,4347,瑞芳瑞濱店,新北市瑞芳區瑞濱路６７號１樓部份,Y
HL,16,高雄市,830,鳳山區,830,4348,鳳山文東店,高雄市鳳山區文龍東路２４０號,Y
HL,06,桃園市,327,新屋區,327,4350,新屋興旺店,桃園市新屋區中興路６００號,Y
HL,01,台北市,111,士林區,111,4351,北市士園店,台北市士林區中山北路七段１９１巷２１號,Y
HL,03,新北市,241,三重區,241,4352,三重公園店,新北市三重區仁興街２８巷４４、４６號,Y
HL,16,高雄市,811,楠梓區,811,4354,高市三山店,高雄市楠梓區德民路１２６０號,Y
HL,05,新竹縣,313,尖石鄉,313,4358,尖石會來店,新竹縣尖石鄉嘉樂村３鄰麥樹仁９８、９９號,Y
HL,06,桃園市,330,桃園區,330,4359,桃園大樹店,桃園市桃園區中正五街２２５號,Y
HL,26,新竹市,383,香山區,300,4361,新竹草原店,新竹市香山區元培街９２號,Y
HL,16,高雄市,830,鳳山區,830,4362,鳳山府前店,高雄市鳳山區府前路３８號、４０號及４２號,Y
HL,03,新北市,242,新莊區,242,4363,新莊富國店,新北市新莊區富國路１０２號１樓,Y
HL,06,桃園市,330,桃園區,330,4365,桃園慈安店,桃園市桃園區慈文路１７０號,Y
HL,10,彰化縣,503,花壇鄉,503,4366,花壇虎山店,彰化縣花壇鄉彰員路三段１６６、１６８、１７０號、虎山街４２０號一樓部份,Y
HL,26,新竹市,383,香山區,300,4367,新竹香山店,新竹市香山區延平路二段３１９、３２１、３２３號,Y
HL,06,桃園市,330,桃園區,330,4368,桃園國圳店,桃園市桃園區國際路一段４３１號,Y
HL,06,桃園市,326,楊梅區,326,4369,楊梅高采店,桃園市楊梅區秀才路２００、２０２、２０４號,Y
HL,16,高雄市,833,鳥松區,833,4370,鳥松夢裡店,高雄市鳥松區大仁北路１２５號,Y
HL,19,屏東縣,920,潮州鎮,920,4371,潮州京洲店,屏東縣潮州鎮南京路１５號,Y
HL,19,屏東縣,900,屏東市,900,4372,屏東好豐年店,屏東縣屏東市豐年街１４９號,Y
HL,06,桃園市,328,觀音區,328,4373,觀音高潭店,桃園市觀音區濱海路大潭段１７２號,Y
HL,06,桃園市,334,八德區,334,4374,八德御藏店,桃園市八德區廣興路２３６號,Y
HL,08,台中市,413,霧峰區,413,4375,霧峰亞大店,台中市霧峰區柳豐路５００號感恩學院B１,Y
HL,14,台南市,710,永康區,710,4379,永康東橋店,台南市永康區東橋十街４７號,Y
HL,03,新北市,237,三峽區,237,4380,三峽紫微店,新北市三峽區正義街２號,Y
HL,08,台中市,408,南屯區,408,4382,台中城愛店,台中市南屯區干城街２６７號,Y
HL,01,台北市,115,南港區,115,4383,北市園區店,台北市南港區重陽路４７２號一樓,Y
HL,06,桃園市,335,大溪區,335,4385,大溪高介店,桃園市大溪區介壽路７５６號,Y
HL,06,桃園市,325,龍潭區,325,4387,龍潭新護店,桃園市龍潭區中豐路高平段４１８號,Y
HL,03,新北市,241,三重區,241,4388,三重薔薇店,新北市三重區後竹圍街１７７+１７９號,Y
HL,06,桃園市,320,中壢區,320,4389,中壢高正店,桃園市中壢區中正路６２１、６２３、６２５號,Y
HL,03,新北市,236,土城區,236,4392,土城哲青店,新北市土城區青雲路５８９號及５８９之１號,Y
HL,19,屏東縣,928,東港鎮,928,4393,東港東琉店,屏東縣東港鎮朝安里朝隆路４３號,Y
HL,12,嘉義縣,602,番路鄉,602,4394,番路雲海店,嘉義縣番路鄉公田村隙頂５２-１１號,Y
HL,08,台中市,411,太平區,411,4395,太平澄清店,台中市太平區中興路９２、９４、９６號,Y
HL,03,新北市,241,三重區,241,4397,三重仁旺店,新北市三重區仁愛街７２號一樓,Y
HL,08,台中市,407,西屯區,407,4399,台中愛萊店,台中市西屯區中康街２、６號,Y
HL,19,屏東縣,912,內埔鄉,912,4405,內埔埔勝店,屏東縣內埔鄉勝利路２３０、２３２號,Y
HL,03,新北市,220,板橋區,220,4406,板橋稚暉店,新北市板橋區貴興路８９號、９１號一樓,Y
HL,06,桃園市,337,大園區,337,4407,大園大盛店,桃園市大園區民生南路１９６號,Y
HL,07,苗栗縣,360,苗栗市,360,4408,苗栗茂勝店,苗栗縣苗栗市中正路１３００號,Y
HL,13,雲林縣,640,斗六市,640,4409,斗六斗醫店,雲林縣斗六市雲林路二段５７９號１樓,Y
HL,13,雲林縣,632,虎尾鎮,632,4410,虎尾虎醫店,雲林縣虎尾鎮廉使里學府路９５號B１,Y
HL,19,屏東縣,913,萬丹鄉,913,4411,萬丹香社店,屏東縣萬丹鄉香社村中興路一段１２５、１２７號,Y
HL,10,彰化縣,523,埤頭鄉,523,4415,埤頭稻興店,彰化縣埤頭鄉斗苑西路９２號,Y
HL,07,苗栗縣,351,頭份市,351,4416,苗縣頂尖店,苗栗縣頭份市興隆里８鄰中華路１７７０、１７７２號,Y
HL,14,台南市,715,楠西區,715,4417,楠西茄菝店,台南市楠西區東勢里中正路１７９、１７９-１、１７９-２號,Y
HL,01,台北市,111,士林區,111,4418,士林花好店,台北市士林區重慶北路四段７８號及８０號,Y
HL,06,桃園市,330,桃園區,330,4419,桃園郵驛店,桃園市桃園區中正路１０３號,Y
HL,26,新竹市,382,北區,300,4420,新竹藍海店,新竹市北區榮濱路８１號,Y
HL,03,新北市,220,板橋區,220,4422,板橋合安店,新北市板橋區合安一路６１號,Y
HL,06,桃園市,324,平鎮區,324,4426,平鎮豐收店,桃園市平鎮區東豐路２３９、２４１、２４３、２４５號,Y
HL,10,彰化縣,511,社頭鄉,511,4427,社頭樂活店,彰化縣社頭鄉員集路三段７５０號,Y
HL,19,屏東縣,912,內埔鄉,912,4428,內埔屏科店,屏東縣內埔鄉學府路１號,Y
HL,06,桃園市,337,大園區,337,4429,大園湖畔店,桃園市大園區華興路１５２、１５６號,Y
HL,06,桃園市,320,中壢區,320,4430,中壢元氣店,桃園市中壢區興仁路二段９５、９７號,Y
HL,10,彰化縣,526,二林鎮,526,4431,二林鴻苑店,彰化縣二林鎮斗苑路五段１０９、１１１、１１３號,Y
HL,03,新北市,239,鶯歌區,239,4432,鶯歌東正店,新北市鶯歌區中正三路３７號及３９、４１號,Y
HL,16,高雄市,807,三民區,807,4433,高市鼎盛店,高雄市三民區大中一路２３３號一、二樓及２３５巷１號２樓,Y
HL,14,台南市,710,永康區,710,4436,永康巧遇店,台南市永康區永勝街１號,Y
HL,05,新竹縣,302,竹北市,302,4437,竹北起飛店,新竹縣竹北市仁義路１４８號及四維街１２６號,Y
HL,14,台南市,700,中西區,700,4440,台南采風店,台南市中西區青年路１９４號,Y
HL,08,台中市,408,南屯區,408,4450,台中豐富店,台中市南屯區文心南三路３００號３０２號,Y
HL,03,新北市,237,三峽區,237,4453,三峽隆慶店,新北市三峽區大學路１７號及１９號,Y
HL,10,彰化縣,510,員林市,510,4455,員林鐵站店,彰化縣員林市民權街５５號,Y
HL,06,桃園市,338,蘆竹區,338,4456,蘆竹華麗店,桃園市蘆竹區大新路８１８、８２０號,Y
HL,06,桃園市,326,楊梅區,326,4457,楊梅映玥店,桃園市楊梅區青山一街２０７、２０９、２１１號,Y
HL,14,台南市,710,永康區,710,4458,永康真愛店,台南市永康區東橋七路１８５號,Y
HL,14,台南市,710,永康區,710,4459,永康飛翔店,台南市永康區中正南路８５５號,Y
HL,01,台北市,108,萬華區,108,4461,萬華環州店,台北市萬華區環河南路二段９６號１樓及２樓、９８號１樓部份,Y
HL,06,桃園市,334,八德區,334,4462,八德霸氣店,桃園市八德區中山路１６６號,Y
HL,16,高雄市,812,小港區,812,4463,高市亞路米店,高雄市小港區高坪七路１號,Y
HL,06,桃園市,324,平鎮區,324,4467,平鎮富寶店,桃園市平鎮區新富五街４７、４９號,Y
HL,01,台北市,112,北投區,112,4468,北投北戰店,台北市北投區學園路２號,Y
HL,19,屏東縣,928,東港鎮,928,4469,東港海坪店,屏東縣東港鎮中正路三段８７、８９號,Y
HL,04,宜蘭縣,266,三星鄉,266,4470,宜蘭青蔥店,宜蘭縣三星鄉月眉村三星路四段４３６號一樓,Y
HL,01,台北市,104,中山區,104,4472,中山逸仙店,台北市中山區中山北路二段４８巷７號B１(４號店鋪),Y
HL,01,台北市,106,大安區,106,4473,大安學霸店,台北市大安區辛亥路三段３０號(研三宿舍),Y
HL,02,基隆市,201,信義區,201,4475,基隆風雲店,基隆市信義區東光路３０之４號、３０之５號,Y
HL,01,台北市,105,松山區,105,4476,松山松城店,台北市松山區光復北路２３２號,Y
HL,08,台中市,437,大甲區,437,4477,大甲甲旺店,台中市大甲區甲后路五段２７１、２７３號一樓,Y
HL,10,彰化縣,520,田中鎮,520,4478,田中大社店,彰化縣田中鎮中正路５７７號,Y
HL,06,桃園市,334,八德區,334,4479,八德星晴店,桃園市八德區興豐路３４０、３４２、３４４號。,Y
HL,06,桃園市,320,中壢區,320,4480,中壢星辰店,桃園市中壢區中華路一段３９０號,Y
HL,08,台中市,412,大里區,412,4481,大里精采店,台中市大里區中興路二段７８８、７９０、７９２號,Y
HL,16,高雄市,826,梓官區,826,4482,梓官港口店,高雄市梓官區中正路１３７號,Y
HL,03,新北市,244,林口區,244,4483,林口築夢店,新北市林口區仁愛路一段６１９號,Y
HL,26,新竹市,382,北區,300,4485,新竹風采店,新竹市北區北大路１５６號,Y
HL,06,桃園市,325,龍潭區,325,4486,龍潭石門山店,桃園市龍潭區龍源路大平段２６２、２６４、２６６號,Y
HL,19,屏東縣,920,潮州鎮,920,4489,潮州驛站店,屏東縣潮州鎮信義路１１１號,Y
HL,12,嘉義縣,612,太保市,612,4490,太保風鈴店,嘉義縣太保市舊埤里１７鄰新埤５之１８號,Y
HL,16,高雄市,813,左營區,813,4491,左營典愛店,高雄市左營區重和路２２號,Y
HL,06,桃園市,325,龍潭區,325,4493,龍潭森之丘店,桃園市龍潭區梅龍路５１１號,Y
HL,06,桃園市,328,觀音區,328,4495,觀音紅糖店,桃園市觀音區文化路坑尾段３７６巷１號,Y
HL,10,彰化縣,521,北斗鎮,521,4496,北斗七星店,彰化縣北斗鎮復興路１４５-１號,Y
HL,05,新竹縣,302,竹北市,302,4497,竹北晨晞店,新竹縣竹北市光明六路３７１號,Y
HL,01,台北市,112,北投區,112,4498,北投希望店,台北市北投區中和街３９９-５ ３９９-６號,Y
HL,07,苗栗縣,360,苗栗市,360,4500,苗栗發財店,苗栗縣苗栗市文聖里文發路９０９號,Y
HL,16,高雄市,813,左營區,813,4501,左營榮華店,高雄市左營區大中一路３８６號,Y
HL,14,台南市,745,安定區,745,4502,安定保旺店,台南市安定區安加里１２鄰安定４１０號之３,Y
HL,06,桃園市,333,龜山區,333,4503,龜山復恆店,桃園市龜山區復興三路７１號,Y
HL,04,宜蘭縣,265,羅東鎮,265,4509,羅東聖母店,宜蘭縣羅東鎮中正南路１６０號,Y
HL,03,新北市,251,淡水區,251,4511,淡水屯山店,新北市淡水區淡金路５段９８、１００、１０２號,Y
HL,03,新北市,221,汐止區,221,4512,汐止思鄉店,新北市汐止區樟樹一路１５３號,Y
HL,01,台北市,106,大安區,106,4513,大安人生店,台北市大安區基隆路三段１５５巷５７號(臺大癌醫中心醫院),Y
HL,03,新北市,244,林口區,244,4514,林口老師店,新北市林口區自強二街８、１０號,Y
HL,08,台中市,435,梧棲區,435,4516,梧棲向上店,台中市梧棲區向上路八段９６７號,Y
HL,08,台中市,434,龍井區,434,4517,龍井茄投店,台中市龍井區茄投路１之１號壹樓,Y
HL,03,新北市,239,鶯歌區,239,4518,鶯歌龍正店,新北市鶯歌區尖山路１８８及１９０號,Y
HL,01,台北市,105,松山區,105,4519,松山無雙店,台北市松山區光復南路１３巷１６號,Y
HL,10,彰化縣,512,永靖鄉,512,4520,永靖九分店,彰化縣永靖鄉九分路４５２號１樓,Y
HL,06,桃園市,325,龍潭區,325,4521,龍潭客棧店,桃園市龍潭區中原路二段５７５號,Y
HL,06,桃園市,326,楊梅區,326,4522,楊梅梅溪店,桃園市楊梅區中山北路一段３８８號,Y
HL,03,新北市,236,土城區,236,4523,土城童話店,新北市土城區清水路２１９號,Y
HL,04,宜蘭縣,263,壯圍鄉,263,4525,壯圍中道店,宜蘭縣壯圍鄉中央路三段３１２巷７號,Y
HL,16,高雄市,804,鼓山區,804,4526,鼓山華泰店,高雄市鼓山區華榮路５６２號及華泰路２５７號,Y
HL,01,台北市,116,文山區,116,4527,文山大王店,台北市文山區木新路二段１４１、１４３號,Y
HL,03,新北市,249,八里區,249,4528,八里鐵塔店,新北市八里區中山路一段４３、４３-１號,Y
HL,03,新北市,251,淡水區,251,4529,淡水新洲店,新北市淡水區新市二路二段５２、５６、５８、６０號,Y
HL,16,高雄市,815,大社區,815,4530,大社翠屏店,高雄市大社區翠屏路８４巷４-２號,Y
HL,08,台中市,433,沙鹿區,433,4532,沙鹿竹林店,台中市沙鹿區中山路１１７、１１７－１、１１７－２號,Y
HL,06,桃園市,328,觀音區,328,4533,觀音蓮花店,桃園市觀音區新華路一段９４０號,Y
HL,03,新北市,235,中和區,235,4536,中和景德店,新北市中和區景德街９１號,Y
HL,03,新北市,244,林口區,244,4538,林口童樂店,新北市林口區仁愛路二段４９２-１號、４９２-２號。,Y
HL,03,新北市,241,三重區,241,4539,三重自信店,新北市三重區大智街２２號及２４號,Y
HL,05,新竹縣,303,湖口鄉,303,4540,湖口福氣店,新竹縣湖口鄉新興路８５８號,Y
HL,03,新北市,251,淡水區,251,4541,淡水海天店,新北市淡水區濱海路三段１４０、１４２號,Y
HL,14,台南市,717,仁德區,717,4545,仁德嘉藥店,台南市仁德區二仁路一段１５７、１５９號,Y
HL,07,苗栗縣,350,竹南鎮,350,4546,竹南可愛店,苗栗縣竹南鎮大埔里科專三路１２９號,Y
HL,03,新北市,242,新莊區,242,4552,新莊福慧店,新北市新莊區化成路５１９號一樓,Y
HL,02,基隆市,200,仁愛區,200,4554,基隆港西店,基隆市仁愛區港西街１１號一樓,Y
HL,14,台南市,711,歸仁區,711,4555,歸仁武東店,台南市歸仁區中正南路三段２４２號,Y
HL,01,台北市,110,信義區,110,4556,信義首府店,台北市信義區市府路１號(B２便利生活空間),Y
HL,16,高雄市,813,左營區,813,4557,左營廟東店,高雄市左營區左營大路４００號及４０２號,Y
HL,08,台中市,411,太平區,411,4559,太平樂安店,台中市太平區新坪里１５鄰育賢路６０號,Y
HL,03,新北市,241,三重區,241,4560,三重大院店,新北市三重區安和路１０５號,Y
HL,01,台北市,112,北投區,112,4561,北投行義店,台北市北投區行義路１２８-１號,Y
HL,11,南投縣,542,草屯鎮,542,4562,草屯草鞋墩店,南投縣草屯鎮山腳里２８鄰太平路一段４８號及法定空地,Y
HL,08,台中市,429,神岡區,429,4563,神岡元富店,台中市神岡區大富路１８號,Y
HL,07,苗栗縣,360,苗栗市,360,4564,苗栗為民店,苗栗縣苗栗市為民街３８２-１號,Y
HL,16,高雄市,813,左營區,813,4565,左營自誠店,高雄市左營區自由二路１４２之１號１樓,Y
HL,16,高雄市,811,楠梓區,811,4566,楠梓高大店,高雄市楠梓區大學南路３０９號１樓,Y
HL,03,新北市,221,汐止區,221,4568,汐止千萬店,新北市汐止區汐萬路一段４０９、４１１號一樓,Y
HL,06,桃園市,320,中壢區,320,4570,中壢A18店,桃園市中壢區高鐵北路一段５號２樓(桃園捷運A１８站E區),Y
HL,06,桃園市,330,桃園區,330,4571,桃園快樂店,桃園市桃園區大有路７２６、７２８號,Y
HL,06,桃園市,338,蘆竹區,338,4572,蘆竹海湖店,桃園市蘆竹區海湖東路２９５號,Y
HL,03,新北市,235,中和區,235,4573,中和浪漫店,新北市中和區工專路３８號,Y
HL,01,台北市,111,士林區,111,4574,士林月圓店,台北市士林區磺溪街２３號,Y
HL,12,嘉義縣,621,民雄鄉,621,4576,民雄頭橋店,嘉義縣民雄鄉興南村工業一路２號,Y
HL,16,高雄市,815,大社區,815,4577,大社中里店,高雄市大社區中里里三民路９６號,Y
HL,07,苗栗縣,351,頭份市,351,4579,頭份得意店,苗栗縣頭份市上庄路７７號,Y
HL,08,台中市,435,梧棲區,435,4580,梧棲火力店,台中市梧棲區臨港路三段１７６號,Y
HL,10,彰化縣,500,彰化市,500,4581,彰化西勢子店,彰化縣彰化市彰和路一段５６巷１號一樓,Y
HL,14,台南市,732,白河區,732,4582,白河美人店,台南市白河區關嶺里關子嶺３８之１號,Y
HL,12,嘉義縣,612,太保市,612,4583,太保前潭店,嘉義縣太保市前潭里後潭１６０、１６０之１號,Y
HL,04,宜蘭縣,260,宜蘭市,260,4585,宜蘭好運店,宜蘭縣宜蘭市校舍路１６１、１６１-１、１６１-２號,Y
HL,03,新北市,241,三重區,241,4586,三重三文店,新北市三重區文化北路２２４巷１號及３號,Y
HL,06,桃園市,334,八德區,334,4587,八德積福店,桃園市八德區廣福路４５６號,Y
HL,06,桃園市,325,龍潭區,325,4588,龍潭國保店,桃園市龍潭區中正路４７１號,Y
HL,08,台中市,429,神岡區,429,4590,神岡大三元店,台中市神岡區大豐路四段２２５號,Y
HL,03,新北市,239,鶯歌區,239,4591,鶯歌大哥店,新北市鶯歌區中正三路３０４、３０８號、３０６號、３１０號,Y
HL,01,台北市,114,內湖區,114,4592,內湖紫陽店,台北市內湖區文德路２１０巷３０弄６、８、１０號一樓,Y
HL,14,台南市,709,安南區,709,4593,安南惠安店,台南市安南區溪頂里２３鄰惠安街１０２&１０４號,Y
HL,08,台中市,423,東勢區,423,4596,東勢石城店,台中市東勢區茂興里石城街２００及２０２號,Y
HL,14,台南市,722,佳里區,722,4598,佳里進學店,台南市佳里區進學路２５號,Y
HL,03,新北市,236,土城區,236,4599,土城城生店,新北市土城區裕生路８６巷２號及８６巷４號,Y
HL,06,桃園市,338,蘆竹區,338,4601,蘆竹領航店,桃園市蘆竹區南崁路一段２８６號,Y
HL,06,桃園市,334,八德區,334,4602,八德玉元店,桃園市八德區長興路７７３、７７５、７７７、７７９號,Y
HL,10,彰化縣,505,鹿港鎮,505,4603,鹿港鹿草店,彰化縣鹿港鎮鹿草路一段２８１、２８５號１樓,Y
HL,10,彰化縣,505,鹿港鎮,505,4605,鹿港晨安店,彰化縣鹿港鎮中山路５１９號,Y
HL,03,新北市,247,蘆洲區,247,4609,蘆洲洲正店,新北市蘆洲區中正路１８５巷７８弄１、３號,Y
HL,11,南投縣,541,中寮鄉,541,4611,中寮香蕉店,南投縣中寮鄉永平路４４５-４８號,Y
HL,14,台南市,700,中西區,700,4612,台南湖美店,台南市中西區民權路四段１３８號,Y
HL,14,台南市,730,新營區,730,4613,新營郵政店,台南市新營區中山路１２６號,Y
HL,06,桃園市,325,龍潭區,325,4614,龍潭武中店,桃園市龍潭區中興路３３６巷７４、７６號,Y
HL,05,新竹縣,310,竹東鎮,310,4615,竹東榮春店,新竹縣竹東鎮長春路二段９７、９９號,Y
HL,06,桃園市,327,新屋區,327,4616,新屋新華店,桃園市新屋區新華路一段１０２號,Y
HL,01,台北市,116,文山區,116,4617,文山心動店,台北市文山區木柵路一段１６８、１７０號,Y
HL,16,高雄市,814,仁武區,814,4618,仁武永仁店,高雄市仁武區八卦里永仁街２７２-１號,Y
HL,06,桃園市,320,中壢區,320,4619,中壢海華店,桃園市中壢區九和一街６８、７０號,Y
HL,10,彰化縣,505,鹿港鎮,505,4620,鹿港天后店,彰化縣鹿港鎮中山路３４０號１、２樓,Y
HL,08,台中市,408,南屯區,408,4627,台中嘉明湖店,台中市南屯區永春東七路６０２號,Y
HL,07,苗栗縣,351,頭份市,351,4630,頭份好漾店,苗栗縣頭份市富強一街９號,Y
HL,11,南投縣,540,南投市,540,4632,南投八卦店,南投縣南投市八卦路１２５８號,Y
HL,01,台北市,106,大安區,106,4633,大安溫州店,台北市大安區羅斯福路三段２８３巷１１號一樓,Y
HL,16,高雄市,811,楠梓區,811,4634,楠梓常德店,高雄市楠梓區常德路３２４巷１０號,Y
HL,14,台南市,730,新營區,730,4638,新營交流道店,台南市新營區復興路６２２號,Y
HL,01,台北市,104,中山區,104,4640,中山力行店,台北市中山區龍江路４７號,Y
HL,03,新北市,237,三峽區,237,4642,三峽長泰店,新北市三峽區長泰街８０號、８２號、８４號及７８巷１弄１號、３號,Y
HL,01,台北市,112,北投區,112,4643,北投火山店,台北市北投區中和街５０４號及中和街５０６號、５０８號,Y
HL,26,新竹市,381,東區,300,4645,新竹大蓮店,新竹市東區南大路２９９、３０１號,Y
HL,01,台北市,104,中山區,104,4647,中山晶華店,台北市中山區林森北路２５８號,Y
HL,03,新北市,238,樹林區,238,4649,樹林風櫃店,新北市樹林區備內街２６號,Y
HL,04,宜蘭縣,262,礁溪鄉,262,4650,礁溪育龍店,宜蘭縣礁溪鄉大坡路２、２-１、６、８號１樓,Y
HL,06,桃園市,337,大園區,337,4651,大園羽田店,桃園市大園區高鐵北路二段１４５號、大成路二段１號,Y
HL,03,新北市,241,三重區,241,4652,三重天富店,新北市三重區中正北路２７８、２８０及２８２號,Y
HL,11,南投縣,552,集集鎮,552,4653,集集火車店,南投縣集集鎮民生路１１３號,Y
HL,19,屏東縣,923,萬巒鄉,923,4654,萬巒佳興店,屏東縣萬巒鄉佳和村佳興路３２-１號,Y
HL,16,高雄市,820,岡山區,820,4655,岡山飛鷹店,高雄市岡山區介壽西路西首１號,Y
HL,01,台北市,115,南港區,115,4657,南港慈祐宮店,台北市南港區南港路三段３５８、３６０號一樓,Y
HL,03,新北市,251,淡水區,251,4658,淡水英才店,新北市淡水區清水街２號、英專路４３號,Y
HL,19,屏東縣,932,新園鄉,932,4659,新園鹽埔店,屏東縣新園鄉中正路１４２號１樓,Y
HL,06,桃園市,333,龜山區,333,4662,龜山花香店,桃園市龜山區文化一路１０巷４２弄４９號,Y
HL,03,新北市,221,汐止區,221,4663,汐止南興店,新北市汐止區南興路５８號１樓,Y
HL,06,桃園市,327,新屋區,327,4664,新屋芳華店,桃園市新屋區中華南路二段２９８、３００、３０２號,Y
HL,08,台中市,438,外埔區,438,4665,外埔馬鳴埔店,台中市外埔區大馬路１８６號,Y
HL,04,宜蘭縣,270,蘇澳鎮,270,4666,蘇澳龍祥店,宜蘭縣蘇澳鎮龍祥二路１、３號一樓,Y
HL,05,新竹縣,307,芎林鄉,307,4667,芎林華科店,新竹縣芎林鄉大華路１號,Y
HL,06,桃園市,338,蘆竹區,338,4673,蘆竹海山店,桃園市蘆竹區海山路二段５１３、５１５號,Y
HL,06,桃園市,326,楊梅區,326,4675,楊梅日光店,桃園市楊梅區青山一街９９、１０１號,Y
HL,04,宜蘭縣,260,宜蘭市,260,4677,宜蘭廣進店,宜蘭縣宜蘭市中山路一段１１８號１、２樓,Y
HL,03,新北市,242,新莊區,242,4679,新莊幸運店,新北市新莊區幸福東路１４９、１５１號一樓,Y
HL,05,新竹縣,302,竹北市,302,4682,竹北生醫店,新竹縣竹北市生醫路一段２號,Y
HL,01,台北市,111,士林區,111,4683,士林大宮町店,台北市士林區承德路四段１３０號及後港街３７號,Y
HL,06,桃園市,333,龜山區,333,4685,龜山新路店,桃園市龜山區中興路３０２號,Y
HL,01,台北市,110,信義區,110,4687,信義玫瑰店,台北市信義區信義路４段３７５號１樓,Y
HL,05,新竹縣,302,竹北市,302,4688,竹北中正西店,新竹縣竹北市中正西路２１３號,Y
HL,14,台南市,702,南區,702,4689,台南圓滿店,台南市南區國民路２６８號,Y
HL,10,彰化縣,510,員林市,510,4691,員林員外店,彰化縣員林市中正路２５６號１樓,Y
HL,10,彰化縣,508,和美鎮,508,4692,和美郭靖店,彰化縣和美鎮彰和路三段臨３８１號,Y
HL,03,新北市,234,永和區,234,4696,永和開運店,新北市永和區永利路２５０號                                ,Y
HL,03,新北市,234,永和區,234,4697,永和光民店,新北市永和區中正路１４４、１４６號一樓到四樓,Y
HL,08,台中市,402,南區,402,4699,台中興大店,台中市南區國光路２５０號,Y
HL,03,新北市,242,新莊區,242,4701,新莊昌平店,新北市新莊區昌平街９６、９８號一樓,Y
HL,16,高雄市,840,大樹區,840,4704,大樹遊樂店,高雄市大樹區學城路一段５號壹樓,Y
HL,01,台北市,105,松山區,105,4706,松山民生店,台北市松山區民生東路五段１２３號,Y
HL,19,屏東縣,900,屏東市,900,4713,屏東大學店,屏東縣屏東市民生路４-１８號,Y
HL,03,新北市,231,新店區,231,4714,新店全球店,新北市新店區寶橋路２３５巷１２８號,Y
HL,26,新竹市,381,東區,300,4718,新竹創聯店,新竹市東區科學園區力行六路２、６、１０號,Y
HL,01,台北市,111,士林區,111,A067,北市社正店,台北市士林區社正路２７號,Y
HL,01,台北市,111,士林區,111,A163,北市社子店,台北市士林區社子街６３巷２號,Y
HL,03,新北市,251,淡水區,251,A171,北縣金龍店,新北市淡水區水源街２段１９４號一樓及地下,Y
HL,01,台北市,112,北投區,112,A186,北市懷德店,台北市北投區懷德街５號,Y
HL,03,新北市,221,汐止區,221,A225,北縣連興店,新北市汐止區連興街２６號,Y
HL,03,新北市,221,汐止區,221,A299,北縣宏福店,新北市汐止區福德一路６、１０號,Y
HL,01,台北市,114,內湖區,114,A311,北市康樂二店,台北市內湖區康樂街９２號,Y
HL,01,台北市,114,內湖區,114,A318,北市民東店,台北市內湖區民權東路六段６９、７１、７５號,Y
HL,03,新北市,251,淡水區,251,A634,北縣民族店,新北市淡水區竹圍里民族路４８號,Y
HL,01,台北市,114,內湖區,114,A708,北市內湖二店,台北市內湖區成功路二段３１８之１號,Y
HL,01,台北市,111,士林區,111,A753,北市開利店,台北市士林區社子街１４２、１４４號,Y
HL,01,台北市,114,內湖區,114,A896,北市麥帥店,台北市內湖區行善路３３及３１號,Y
HL,01,台北市,115,南港區,115,B011,北市南港二店,台北市南港區忠孝東路七段６３９號,Y
HL,01,台北市,110,信義區,110,B040,北市福德店,台北市信義區福德街２６６號,Y
HL,01,台北市,115,南港區,115,B042,北市南港三店,台北市南港區忠孝東路六段２５２號,Y
HL,01,台北市,104,中山區,104,B044,北市中山店,台北市中山區中山北路二段１３７巷２號,Y
HL,01,台北市,104,中山區,104,B048,北市民生店,台北市中山區民生西路２號,Y
HL,01,台北市,110,信義區,110,B056,北市林口店,台北市信義區林口街３６號,Y
HL,01,台北市,104,中山區,104,B098,北市中原二店,台北市中山區中原街７７號,Y
HL,01,台北市,105,松山區,105,B156,北市敦化店,台北市松山區八德路三段１２巷５１弄２號,Y
HL,01,台北市,105,松山區,105,B157,北市民權二店,台北市松山區民權東路五段３２號,Y
HL,01,台北市,104,中山區,104,B243,北市台泥店,台北市中山區錦州街３２號,Y
HL,01,台北市,115,南港區,115,B344,北市昆陽店,台北市南港區昆陽街９９號,Y
HL,01,台北市,115,南港區,115,B378,北市港成店,台北市南港區玉成街２７號,Y
HL,01,台北市,110,信義區,110,B643,北市松永店,台北市信義區永吉路２８０號,Y
HL,01,台北市,104,中山區,104,B697,北市中山三店,台北市中山區中山北路二段６５巷１３號,Y
HL,01,台北市,104,中山區,104,B876,北市馬偕店,台北市中山區民生西路３巷２號,Y
HL,03,新北市,231,新店區,231,C034,北縣建國店,新北市新店區中正路２８２之１０號,Y
HL,03,新北市,235,中和區,235,C052,北縣連城店,新北市中和區連城路４７巷１號,Y
HL,01,台北市,116,文山區,116,C055,北市木新二店,台北市文山區木新路三段２３２巷６弄１８號,Y
HL,03,新北市,231,新店區,231,C117,北縣建國二店,新北市新店區建國路１５４號,Y
HL,03,新北市,235,中和區,235,C192,北縣福美店,新北市中和區莊敬路２９號,Y
HL,03,新北市,235,中和區,235,C216,北縣南勢店,新北市中和區興南路二段１１８號,Y
HL,01,台北市,116,文山區,116,C348,北市世新店,台北市文山區木柵路一段８號,Y
HL,03,新北市,235,中和區,235,C388,北縣水源店,新北市中和區水源路７３號,Y
HL,01,台北市,116,文山區,116,C615,北市興隆店,台北市文山區興隆路２段２０３巷１６號,Y
HL,03,新北市,235,中和區,235,C660,北縣嘉和店,新北市中和區中和路４１４號,Y
HL,03,新北市,235,中和區,235,C672,北縣橋安店,新北市中和區中山路２段３５２號,Y
HL,03,新北市,235,中和區,235,C742,北縣平安店,新北市中和區景安路１５２號,Y
HL,03,新北市,231,新店區,231,C769,北縣新和店,新北市新店區安和路三段６０之１號,Y
HL,03,新北市,235,中和區,235,C894,北縣遠東店,新北市中和區建八路１１６號,Y
HL,01,台北市,103,大同區,103,D010,北市延平店,台北市大同區延平北路二段２５５-１號,Y
HL,03,新北市,241,三重區,241,D022,北縣溪尾店,新北市三重區溪尾街１９２號,Y
HL,03,新北市,241,三重區,241,D024,北縣三民店,新北市三重區三民街１００、１０２號,Y
HL,03,新北市,241,三重區,241,D028,北縣正義店,新北市三重區正義北路２８０號,Y
HL,01,台北市,111,士林區,111,D043,北市延平二店,台北市士林區延平北路五段１３８號,Y
HL,03,新北市,241,三重區,241,D057,北縣溪尾二店,新北市三重區溪尾街１２２號,Y
HL,03,新北市,241,三重區,241,D070,北縣重新店,新北市三重區重新路四段２４４巷４０號,Y
HL,03,新北市,220,板橋區,220,D072,北縣僑福店,新北市板橋區幸褔路７０巷１號,Y
HL,03,新北市,241,三重區,241,D087,北縣中興北店,新北市三重區中興北街１３４號,Y
HL,03,新北市,241,三重區,241,D093,北縣仁義二店,新北市三重區仁義街２０９號,Y
HL,03,新北市,220,板橋區,220,D111,北縣府中店,新北市板橋區府中路２４號,Y
HL,03,新北市,241,三重區,241,D138,北縣中興二店,新北市三重區中興北街１９５、１９７號,Y
HL,03,新北市,242,新莊區,242,D148,北縣福營店,新北市新莊區福營路３３６、３３８號,Y
HL,03,新北市,220,板橋區,220,D161,北縣僑中三店,新北市板橋區僑中一街１２５巷８弄２號,Y
HL,03,新北市,242,新莊區,242,D174,北縣新裕店,新北市新莊區裕民街８３之６號,Y
HL,03,新北市,241,三重區,241,D191,北縣中興三店,新北市三重區中興北街４２號,Y
HL,03,新北市,247,蘆洲區,247,D193,北縣鷺江店,新北市蘆洲區民權路１１３號,Y
HL,03,新北市,241,三重區,241,D194,北縣五華三店,新北市三重區五華街６０號,Y
HL,03,新北市,241,三重區,241,D195,北縣車路頭店,新北市三重區車路頭街３５號,Y
HL,03,新北市,241,三重區,241,D248,北縣大同北店,新北市三重區大同北路９１號                          ,Y
HL,03,新北市,241,三重區,241,D335,北縣力福店,新北市三重區力行路二段５１及５３號,Y
HL,03,新北市,241,三重區,241,D346,北縣三和二店,新北市三重區三和路三段１３７號,Y
HL,03,新北市,220,板橋區,220,D349,北縣成都店,新北市板橋區重慶路２４５巷６１號,Y
HL,03,新北市,241,三重區,241,D350,北縣仁和店,新北市三重區三和路四段２３３號,Y
HL,03,新北市,247,蘆洲區,247,D383,北縣長安二店,新北市蘆洲區長安街６６號,Y
HL,03,新北市,241,三重區,241,D390,北縣中正北店,新北市三重區中正北路５１８號,Y
HL,03,新北市,241,三重區,241,D605,北縣重陽二店,新北市三重區重陽路四段１３２、１３４號,Y
HL,03,新北市,239,鶯歌區,239,D607,北縣鶯歌店,新北市鶯歌區重慶街２９號,Y
HL,03,新北市,220,板橋區,220,D609,北縣大興店,新北市板橋區大觀路二段１４２之２號,Y
HL,03,新北市,241,三重區,241,D620,北縣三愛三店,新北市三重區仁愛街２５３號,Y
HL,03,新北市,236,土城區,236,D633,北縣頂埔店,新北市土城區中央路４段５６號,Y
HL,03,新北市,238,樹林區,238,D642,北縣樹正店,新北市樹林區中正路７９１及７８９號,Y
HL,03,新北市,241,三重區,241,D649,北縣中陽店,新北市三重區中正北路１０５號,Y
HL,03,新北市,220,板橋區,220,D767,北縣寶翠店,新北市板橋區文化路二段４３９之１號,Y
HL,01,台北市,111,士林區,111,E050,北市承德店,台北市士林區劍潭路６２號,Y
HL,01,台北市,103,大同區,103,E090,北市迪化店,台北市大同區迪化街一段５０號,Y
HL,01,台北市,108,萬華區,108,E119,北市梧州店,台北市萬華區梧州街２９號,Y
HL,01,台北市,100,中正區,100,E182,北市和平店,台北市中正區延平南路２１０號,Y
HL,01,台北市,108,萬華區,108,E968,北市獅子林店,台北市萬華區西寧南路３６之６９、７１、７２、７３、７４號,Y
HL,06,桃園市,320,中壢區,320,F130,中壢中山店,桃園市中壢區中山路４３８號,Y
HL,26,新竹市,381,東區,300,F133,新竹武昌店,新竹市東區武昌街１２號,Y
HL,26,新竹市,381,東區,300,F154,新竹南大三店,新竹市東區南大路５５５號,Y
HL,06,桃園市,320,中壢區,320,F167,中壢環北店,桃園市中壢區環北路１號,Y
HL,06,桃園市,320,中壢區,320,F169,中壢永興店,桃園市中壢區永興街２８號,Y
HL,07,苗栗縣,360,苗栗市,360,F190,苗栗國華店,苗栗縣苗栗市國華路３１１號,Y
HL,06,桃園市,320,中壢區,320,F201,中壢正神店,桃園市中壢區忠孝路１０７、１０９號,Y
HL,06,桃園市,337,大園區,337,F211,桃縣大園店,桃園市大園區中山北路７５、７７號,Y
HL,06,桃園市,320,中壢區,320,F213,中壢光中店,桃園市中壢區五光一街１號+中正路６６５號,Y
HL,26,新竹市,382,北區,300,F223,新竹北大店,新竹市北區北大路２８４號,Y
HL,26,新竹市,382,北區,300,F226,新竹成功店,新竹市北區成功路１６３號,Y
HL,06,桃園市,324,平鎮區,324,F227,平鎮高雙店,桃園市平鎮區高雙路２號,Y
HL,06,桃園市,330,桃園區,330,F228,桃市三民店,桃園市桃園區三民路一段９９號、９９-１號,Y
HL,26,新竹市,381,東區,300,F246,新竹西大店,新竹市東區西大路１１９號,Y
HL,06,桃園市,320,中壢區,320,F351,中壢中正店,桃園市中壢區中正路４８３號,Y
HL,06,桃園市,337,大園區,337,F355,桃縣民生店,桃園市大園區中華路１３１號,Y
HL,26,新竹市,381,東區,300,F367,新竹民族店,新竹市東區民族路７４號、民權路７２號,Y
HL,05,新竹縣,302,竹北市,302,F603,竹北華興店,新竹縣竹北市華興街２２８號,Y
HL,26,新竹市,383,香山區,300,F617,新竹香北店,新竹市香山區香北路１５０號,Y
HL,26,新竹市,381,東區,300,F621,新竹金城店,新竹市東區光復路二段１４８號,Y
HL,06,桃園市,337,大園區,337,F624,桃縣竹圍店,桃園市大園區建國路１４９號,Y
HL,05,新竹縣,304,新豐鄉,304,F674,竹縣新豐三店,新竹縣新豐鄉康樂路１段１１０號、尚仁街１號,Y
HL,06,桃園市,326,楊梅區,326,F680,桃縣梅獅店,桃園市楊梅區梅獅路二段１３５號,Y
HL,26,新竹市,381,東區,300,F699,新竹錦華店,新竹市東區中央路１８３號,Y
HL,26,新竹市,381,東區,300,F712,新竹民權店,新竹市東區民生路１１３號,Y
HL,06,桃園市,328,觀音區,328,F750,桃縣觀音店,桃園市觀音區成功路一段７３９號,Y
HL,06,桃園市,334,八德區,334,F751,八德高城店,桃園市八德區高城路６８號,Y
HL,06,桃園市,330,桃園區,330,F760,桃市三民二店,桃園市桃園區自強路７２號,Y
HL,06,桃園市,325,龍潭區,325,F772,桃縣龍潭店,桃園市龍潭區中興路３３５號,Y
HL,26,新竹市,382,北區,300,F773,新竹光華店,新竹市北區光華二街７２巷２號,Y
HL,06,桃園市,338,蘆竹區,338,F777,桃縣南華店,桃園市蘆竹區南華一街１號,Y
HL,06,桃園市,330,桃園區,330,F785,桃市文中店,桃園市桃園區文中路３３３、３３５號,Y
HL,07,苗栗縣,358,苑裡鎮,358,F825,苗縣苑裡店,苗栗縣苑裡鎮介壽路２之７號,Y
HL,06,桃園市,326,楊梅區,326,F878,桃縣大成店,桃園市楊梅區大成路２１５、２１７號,Y
HL,06,桃園市,330,桃園區,330,F882,桃市大興店,桃園市桃園區大興路１７４號,Y
HL,06,桃園市,333,龜山區,333,F883,桃縣大崗店,桃園市龜山區新興街２５５、２５７號,Y
HL,06,桃園市,330,桃園區,330,F899,桃市桃園店,桃園市桃園區民生路１２９號,Y
HL,06,桃園市,337,大園區,337,F954,桃縣大園二店,桃園市大園區國際路一段２１８號,Y
HL,06,桃園市,337,大園區,337,F959,桃縣大園三店,桃園市大園區中山南路６號,Y
HL,06,桃園市,330,桃園區,330,F976,桃市大業店,桃園市桃園區大業路一段３９７號,Y
HL,06,桃園市,320,中壢區,320,F983,中壢工業店,桃園市中壢區自強一路１００、１０２號,Y
HL,06,桃園市,325,龍潭區,325,F985,桃縣龍潭二店,桃園市龍潭區中興路２０９號,Y
HL,07,苗栗縣,363,公館鄉,363,F992,苗縣五谷店,苗栗縣公館鄉五谷村２１１、２１３號,Y
HL,06,桃園市,330,桃園區,330,F995,桃市中華二店,桃園市桃園區中華路２７號,Y
HL,08,台中市,420,豐原區,420,G804,豐原豐民店,台中市豐原區三民路８６號,Y
HL,08,台中市,412,大里區,412,G807,大里東榮店,台中市大里區東榮路３５８號,Y
HL,08,台中市,420,豐原區,420,G808,豐原豐商店,台中市豐原區中山路４１８號,Y
HL,08,台中市,433,沙鹿區,433,G813,中縣靜宜店,台中市沙鹿區臺灣大道七段２號,Y
HL,08,台中市,436,清水區,436,G816,中縣中華店,台中市清水區中華路４０５、４０７號,Y
HL,08,台中市,433,沙鹿區,433,G820,中縣中山店,台中市沙鹿區中山路２９４、２９６號,Y
HL,08,台中市,435,梧棲區,435,G850,中縣大智店,台中市梧棲區大智路二段２５３號,Y
HL,08,台中市,411,太平區,411,G951,太平新福店,台中市太平區中山路４段１３５-１３７號,Y
HL,08,台中市,437,大甲區,437,G961,中縣大甲店,台中市大甲區經國路４０７號,Y
HL,08,台中市,404,北區,404,H646,台中太平店,台中市北區太平路７２號,Y
HL,08,台中市,403,西區,403,H809,台中忠誠店,台中市西區忠誠街１０３、１０５號,Y
HL,08,台中市,407,西屯區,407,H835,台中世貿店,台中市西屯區中工二路２１２號,Y
HL,08,台中市,401,東區,401,H848,台中十甲東店,台中市東區十甲路４４２號、十甲東路６６５號,Y
HL,08,台中市,406,北屯區,406,H851,台中東山二店,台中市北屯區東山路一段１４６、１４６之１號,Y
HL,08,台中市,407,西屯區,407,H869,台中大恩店,台中市西屯區大墩１８街１１２號,Y
HL,10,彰化縣,524,溪州鄉,524,J858,彰縣溪州店,彰化縣溪州鄉中山路三段３７１號,Y
HL,10,彰化縣,500,彰化市,500,K828,彰化國聖店,彰化縣彰化市中山路三段７０６號,Y
HL,10,彰化縣,500,彰化市,500,K862,彰化金馬店,彰化縣彰化市金馬路三段４９７號,Y
HL,01,台北市,116,文山區,116,L001,北市日出店,台北市文山區木柵路二段４號,Y
HL,01,台北市,114,內湖區,114,L002,北市西湖店,台北市內湖區內湖路一段２１７巷３７號一樓,Y
HL,06,桃園市,333,龜山區,333,L003,龜山文青店,桃園市龜山區文青路１６３號,Y
HL,03,新北市,221,汐止區,221,L005,汐止早安店,新北市汐止區樟樹二路２９１號,Y
HL,03,新北市,241,三重區,241,L006,三重初戀店,新北市三重區中興北街１５３號,Y
HL,01,台北市,116,文山區,116,L010,北市痴心店,台北市文山區指南路二段６４號(商學院一樓部分),Y
HL,13,雲林縣,640,斗六市,640,M853,斗六莊敬店,雲林縣斗六市中正路２１２號,Y
HL,13,雲林縣,640,斗六市,640,M861,斗六鎮北二店,雲林縣斗六市鎮北路６４號,Y
HL,27,嘉義市,672,西區,600,P370,嘉義義昌店,嘉義市西區民族路６５２號,Y
HL,27,嘉義市,672,西區,600,P382,嘉義站前店,嘉義市西區仁愛路５８４號,Y
HL,16,高雄市,830,鳳山區,830,S269,鳳山五福店,高雄市鳳山區五福二路８２號,Y
HL,16,高雄市,814,仁武區,814,S272,高縣鳳仁店,高雄市仁武區永宏巷２號,Y
HL,16,高雄市,830,鳳山區,830,S373,鳳山鳳福店,高雄市鳳山區自強一路１７７號,Y
HL,16,高雄市,830,鳳山區,830,S380,鳳山高鳳店,高雄市鳳山區高鳳一路１號,Y
HL,16,高雄市,831,大寮區,831,S884,高縣後庄店,高雄市大寮區後庄村成功路６０號,Y
HL,16,高雄市,804,鼓山區,804,T279,高市鼓元店,高雄市鼓山區鼓元街８４號,Y
HL,16,高雄市,807,三民區,807,T280,高市建工店,高雄市三民區建工路３０４號,Y
HL,16,高雄市,811,楠梓區,811,T711,高市陸橋店,高雄市楠梓區高楠公路１７５７號,Y
HL,16,高雄市,806,前鎮區,806,U288,高市漁港店,高雄市前鎮區漁港中二路４２號,Y
HL,16,高雄市,801,前金區,801,U295,高市大同店,高雄市前金區大同二路１１號,Y
